customer_id,country,tier
cust_0,FR,bronze
cust_1,UK,gold
cust_2,FR,bronze
cust_3,IN,bronze
cust_4,DE,bronze
cust_5,CA,silver
cust_6,UK,bronze
cust_7,DE,bronze
cust_8,FR,bronze
cust_9,FR,bronze
cust_10,FR,silver
cust_11,UK,bronze
cust_12,UK,bronze
cust_13,UK,bronze
cust_14,UK,bronze
cust_15,US,silver
cust_16,IN,bronze
cust_17,FR,silver
cust_18,UK,bronze
cust_19,UK,gold
cust_20,IN,bronze
cust_21,IN,bronze
cust_22,DE,bronze
cust_23,CA,gold
cust_24,FR,silver
cust_25,DE,bronze
cust_26,DE,bronze
cust_27,UK,bronze
cust_28,FR,bronze
cust_29,UK,silver
cust_30,IN,bronze
cust_31,IN,silver
cust_32,FR,gold
cust_33,FR,bronze
cust_34,US,bronze
cust_35,FR,silver
cust_36,CA,bronze
cust_37,UK,bronze
cust_38,FR,bronze
cust_39,DE,silver
cust_40,FR,bronze
cust_41,CA,silver
cust_42,US,silver
cust_43,US,bronze
cust_44,UK,bronze
cust_45,CA,silver
cust_46,US,gold
cust_47,DE,bronze
cust_48,US,silver
cust_49,UK,bronze
cust_50,IN,bronze
cust_51,CA,bronze
cust_52,UK,bronze
cust_53,UK,bronze
cust_54,FR,bronze
cust_55,CA,bronze
cust_56,FR,silver
cust_57,UK,bronze
cust_58,CA,silver
cust_59,UK,bronze
cust_60,DE,silver
cust_61,DE,bronze
cust_62,CA,gold
cust_63,IN,bronze
cust_64,US,bronze
cust_65,FR,bronze
cust_66,DE,silver
cust_67,UK,silver
cust_68,US,bronze
cust_69,DE,silver
cust_70,IN,silver
cust_71,UK,bronze
cust_72,UK,silver
cust_73,DE,bronze
cust_74,FR,bronze
cust_75,FR,bronze
cust_76,FR,bronze
cust_77,US,bronze
cust_78,IN,bronze
cust_79,UK,gold
cust_80,US,silver
cust_81,FR,bronze
cust_82,DE,bronze
cust_83,UK,bronze
cust_84,CA,bronze
cust_85,US,bronze
cust_86,UK,bronze
cust_87,UK,silver
cust_88,DE,gold
cust_89,US,bronze
cust_90,FR,silver
cust_91,CA,silver
cust_92,IN,bronze
cust_93,CA,bronze
cust_94,US,bronze
cust_95,UK,bronze
cust_96,US,bronze
cust_97,FR,bronze
cust_98,CA,silver
cust_99,US,bronze
cust_100,FR,bronze
cust_101,UK,gold
cust_102,DE,silver
cust_103,US,bronze
cust_104,US,silver
cust_105,IN,bronze
cust_106,CA,bronze
cust_107,FR,bronze
cust_108,CA,bronze
cust_109,IN,bronze
cust_110,FR,bronze
cust_111,CA,silver
cust_112,DE,bronze
cust_113,CA,silver
cust_114,CA,bronze
cust_115,US,bronze
cust_116,FR,bronze
cust_117,FR,silver
cust_118,UK,gold
cust_119,FR,bronze
cust_120,FR,bronze
cust_121,FR,silver
cust_122,DE,silver
cust_123,DE,bronze
cust_124,US,silver
cust_125,FR,bronze
cust_126,UK,bronze
cust_127,UK,bronze
cust_128,FR,silver
cust_129,UK,gold
cust_130,DE,bronze
cust_131,CA,bronze
cust_132,CA,bronze
cust_133,IN,bronze
cust_134,UK,bronze
cust_135,CA,silver
cust_136,DE,bronze
cust_137,DE,bronze
cust_138,IN,silver
cust_139,DE,bronze
cust_140,FR,bronze
cust_141,US,gold
cust_142,CA,bronze
cust_143,US,silver
cust_144,US,bronze
cust_145,US,bronze
cust_146,US,bronze
cust_147,FR,gold
cust_148,FR,bronze
cust_149,CA,silver
cust_150,CA,silver
cust_151,IN,silver
cust_152,US,bronze
cust_153,UK,bronze
cust_154,DE,silver
cust_155,DE,silver
cust_156,US,bronze
cust_157,IN,bronze
cust_158,US,silver
cust_159,US,bronze
cust_160,UK,bronze
cust_161,UK,bronze
cust_162,CA,bronze
cust_163,FR,bronze
cust_164,US,bronze
cust_165,FR,bronze
cust_166,US,silver
cust_167,IN,bronze
cust_168,IN,bronze
cust_169,US,silver
cust_170,IN,bronze
cust_171,DE,bronze
cust_172,FR,bronze
cust_173,IN,bronze
cust_174,FR,silver
cust_175,UK,bronze
cust_176,DE,silver
cust_177,IN,bronze
cust_178,CA,bronze
cust_179,DE,bronze
cust_180,IN,silver
cust_181,IN,silver
cust_182,UK,silver
cust_183,UK,silver
cust_184,CA,gold
cust_185,CA,gold
cust_186,UK,bronze
cust_187,IN,silver
cust_188,DE,silver
cust_189,FR,bronze
cust_190,UK,bronze
cust_191,DE,bronze
cust_192,FR,silver
cust_193,CA,silver
cust_194,UK,bronze
cust_195,FR,bronze
cust_196,IN,bronze
cust_197,UK,bronze
cust_198,DE,bronze
cust_199,UK,gold
cust_200,UK,silver
cust_201,CA,bronze
cust_202,FR,silver
cust_203,DE,silver
cust_204,CA,bronze
cust_205,DE,bronze
cust_206,FR,silver
cust_207,FR,bronze
cust_208,DE,bronze
cust_209,UK,silver
cust_210,US,bronze
cust_211,DE,silver
cust_212,FR,bronze
cust_213,DE,gold
cust_214,IN,silver
cust_215,US,bronze
cust_216,IN,silver
cust_217,US,bronze
cust_218,FR,bronze
cust_219,DE,silver
cust_220,US,bronze
cust_221,US,bronze
cust_222,CA,bronze
cust_223,FR,bronze
cust_224,UK,bronze
cust_225,FR,bronze
cust_226,UK,gold
cust_227,DE,bronze
cust_228,IN,bronze
cust_229,FR,bronze
cust_230,DE,bronze
cust_231,FR,bronze
cust_232,US,bronze
cust_233,IN,silver
cust_234,DE,silver
cust_235,DE,silver
cust_236,FR,bronze
cust_237,UK,gold
cust_238,US,bronze
cust_239,FR,bronze
cust_240,CA,bronze
cust_241,IN,silver
cust_242,DE,bronze
cust_243,CA,bronze
cust_244,FR,silver
cust_245,US,bronze
cust_246,US,bronze
cust_247,US,gold
cust_248,CA,bronze
cust_249,DE,silver
cust_250,FR,bronze
cust_251,UK,bronze
cust_252,UK,bronze
cust_253,US,bronze
cust_254,DE,bronze
cust_255,CA,bronze
cust_256,FR,bronze
cust_257,FR,silver
cust_258,CA,bronze
cust_259,US,bronze
cust_260,IN,bronze
cust_261,UK,silver
cust_262,FR,gold
cust_263,FR,bronze
cust_264,US,silver
cust_265,FR,bronze
cust_266,CA,silver
cust_267,DE,bronze
cust_268,CA,gold
cust_269,IN,bronze
cust_270,FR,bronze
cust_271,IN,silver
cust_272,IN,bronze
cust_273,FR,bronze
cust_274,FR,bronze
cust_275,IN,bronze
cust_276,US,bronze
cust_277,IN,bronze
cust_278,CA,bronze
cust_279,FR,bronze
cust_280,US,silver
cust_281,IN,silver
cust_282,FR,bronze
cust_283,FR,silver
cust_284,IN,bronze
cust_285,US,bronze
cust_286,DE,bronze
cust_287,FR,bronze
cust_288,DE,bronze
cust_289,IN,bronze
cust_290,DE,bronze
cust_291,UK,bronze
cust_292,US,bronze
cust_293,CA,silver
cust_294,FR,bronze
cust_295,IN,bronze
cust_296,IN,silver
cust_297,UK,bronze
cust_298,CA,gold
cust_299,DE,gold
cust_300,CA,bronze
cust_301,DE,gold
cust_302,UK,silver
cust_303,IN,silver
cust_304,DE,gold
cust_305,CA,silver
cust_306,FR,silver
cust_307,IN,bronze
cust_308,US,bronze
cust_309,DE,bronze
cust_310,IN,silver
cust_311,FR,silver
cust_312,UK,bronze
cust_313,US,bronze
cust_314,DE,silver
cust_315,FR,bronze
cust_316,DE,bronze
cust_317,FR,bronze
cust_318,US,silver
cust_319,DE,bronze
cust_320,US,bronze
cust_321,DE,bronze
cust_322,UK,gold
cust_323,CA,silver
cust_324,FR,bronze
cust_325,FR,silver
cust_326,IN,bronze
cust_327,IN,gold
cust_328,FR,bronze
cust_329,FR,bronze
cust_330,CA,gold
cust_331,UK,silver
cust_332,UK,silver
cust_333,UK,silver
cust_334,UK,bronze
cust_335,CA,bronze
cust_336,UK,bronze
cust_337,UK,silver
cust_338,CA,silver
cust_339,IN,bronze
cust_340,CA,bronze
cust_341,IN,bronze
cust_342,FR,bronze
cust_343,FR,bronze
cust_344,DE,bronze
cust_345,IN,bronze
cust_346,UK,bronze
cust_347,FR,bronze
cust_348,DE,bronze
cust_349,DE,bronze
cust_350,FR,bronze
cust_351,UK,bronze
cust_352,IN,bronze
cust_353,US,bronze
cust_354,CA,bronze
cust_355,DE,silver
cust_356,CA,gold
cust_357,IN,bronze
cust_358,US,bronze
cust_359,FR,bronze
cust_360,DE,bronze
cust_361,US,bronze
cust_362,CA,bronze
cust_363,FR,silver
cust_364,FR,silver
cust_365,DE,gold
cust_366,IN,silver
cust_367,US,gold
cust_368,DE,silver
cust_369,UK,bronze
cust_370,US,bronze
cust_371,CA,bronze
cust_372,IN,silver
cust_373,US,bronze
cust_374,DE,bronze
cust_375,US,bronze
cust_376,DE,silver
cust_377,US,bronze
cust_378,CA,gold
cust_379,UK,gold
cust_380,UK,silver
cust_381,CA,gold
cust_382,UK,bronze
cust_383,FR,silver
cust_384,UK,silver
cust_385,US,bronze
cust_386,UK,silver
cust_387,IN,silver
cust_388,US,silver
cust_389,IN,bronze
cust_390,US,bronze
cust_391,US,silver
cust_392,UK,bronze
cust_393,IN,gold
cust_394,US,bronze
cust_395,UK,bronze
cust_396,DE,silver
cust_397,DE,silver
cust_398,CA,silver
cust_399,DE,bronze
cust_400,DE,bronze
cust_401,FR,silver
cust_402,DE,bronze
cust_403,UK,bronze
cust_404,UK,silver
cust_405,UK,silver
cust_406,FR,silver
cust_407,US,gold
cust_408,IN,gold
cust_409,DE,bronze
cust_410,FR,silver
cust_411,US,bronze
cust_412,DE,bronze
cust_413,IN,silver
cust_414,UK,silver
cust_415,CA,gold
cust_416,FR,silver
cust_417,IN,bronze
cust_418,FR,bronze
cust_419,CA,bronze
cust_420,IN,bronze
cust_421,DE,silver
cust_422,UK,bronze
cust_423,US,bronze
cust_424,CA,bronze
cust_425,FR,silver
cust_426,DE,silver
cust_427,UK,silver
cust_428,FR,bronze
cust_429,FR,bronze
cust_430,DE,bronze
cust_431,UK,bronze
cust_432,IN,bronze
cust_433,IN,bronze
cust_434,DE,bronze
cust_435,UK,silver
cust_436,UK,bronze
cust_437,CA,bronze
cust_438,CA,bronze
cust_439,US,gold
cust_440,IN,bronze
cust_441,IN,gold
cust_442,US,gold
cust_443,CA,silver
cust_444,IN,gold
cust_445,US,bronze
cust_446,UK,silver
cust_447,FR,bronze
cust_448,UK,silver
cust_449,UK,gold
cust_450,IN,gold
cust_451,UK,gold
cust_452,DE,bronze
cust_453,CA,bronze
cust_454,UK,silver
cust_455,DE,gold
cust_456,CA,bronze
cust_457,DE,bronze
cust_458,UK,bronze
cust_459,US,bronze
cust_460,UK,bronze
cust_461,DE,silver
cust_462,US,bronze
cust_463,CA,bronze
cust_464,DE,silver
cust_465,US,bronze
cust_466,CA,gold
cust_467,CA,bronze
cust_468,IN,bronze
cust_469,IN,bronze
cust_470,CA,silver
cust_471,US,silver
cust_472,US,bronze
cust_473,US,silver
cust_474,FR,bronze
cust_475,DE,gold
cust_476,IN,gold
cust_477,US,silver
cust_478,DE,silver
cust_479,DE,bronze
cust_480,DE,bronze
cust_481,FR,bronze
cust_482,DE,bronze
cust_483,CA,bronze
cust_484,US,silver
cust_485,CA,bronze
cust_486,UK,bronze
cust_487,US,bronze
cust_488,CA,silver
cust_489,IN,bronze
cust_490,UK,bronze
cust_491,US,bronze
cust_492,US,gold
cust_493,CA,gold
cust_494,UK,silver
cust_495,CA,gold
cust_496,FR,silver
cust_497,UK,silver
cust_498,CA,bronze
cust_499,US,silver
cust_500,UK,bronze
cust_501,IN,silver
cust_502,US,bronze
cust_503,US,bronze
cust_504,US,bronze
cust_505,US,bronze
cust_506,IN,bronze
cust_507,US,bronze
cust_508,IN,gold
cust_509,US,bronze
cust_510,DE,silver
cust_511,CA,bronze
cust_512,CA,bronze
cust_513,DE,bronze
cust_514,US,bronze
cust_515,US,silver
cust_516,US,silver
cust_517,FR,silver
cust_518,UK,silver
cust_519,IN,silver
cust_520,FR,bronze
cust_521,CA,bronze
cust_522,IN,silver
cust_523,DE,silver
cust_524,DE,bronze
cust_525,DE,bronze
cust_526,UK,bronze
cust_527,DE,bronze
cust_528,CA,silver
cust_529,DE,bronze
cust_530,CA,bronze
cust_531,UK,bronze
cust_532,UK,silver
cust_533,DE,bronze
cust_534,US,bronze
cust_535,CA,bronze
cust_536,FR,bronze
cust_537,DE,bronze
cust_538,DE,bronze
cust_539,FR,bronze
cust_540,DE,silver
cust_541,DE,gold
cust_542,CA,bronze
cust_543,DE,bronze
cust_544,CA,bronze
cust_545,CA,silver
cust_546,DE,bronze
cust_547,UK,silver
cust_548,UK,gold
cust_549,DE,silver
cust_550,UK,bronze
cust_551,CA,silver
cust_552,UK,gold
cust_553,FR,silver
cust_554,DE,bronze
cust_555,DE,bronze
cust_556,US,silver
cust_557,CA,bronze
cust_558,FR,silver
cust_559,US,gold
cust_560,IN,silver
cust_561,US,bronze
cust_562,US,bronze
cust_563,US,silver
cust_564,FR,silver
cust_565,US,silver
cust_566,IN,bronze
cust_567,FR,bronze
cust_568,IN,bronze
cust_569,UK,gold
cust_570,CA,bronze
cust_571,UK,bronze
cust_572,US,gold
cust_573,DE,silver
cust_574,DE,silver
cust_575,FR,silver
cust_576,DE,bronze
cust_577,DE,bronze
cust_578,UK,silver
cust_579,DE,silver
cust_580,CA,bronze
cust_581,CA,bronze
cust_582,FR,silver
cust_583,UK,bronze
cust_584,DE,gold
cust_585,CA,bronze
cust_586,CA,silver
cust_587,IN,bronze
cust_588,CA,silver
cust_589,DE,bronze
cust_590,IN,bronze
cust_591,UK,gold
cust_592,US,bronze
cust_593,US,silver
cust_594,CA,bronze
cust_595,UK,gold
cust_596,DE,bronze
cust_597,UK,silver
cust_598,DE,silver
cust_599,IN,silver
cust_600,US,gold
cust_601,CA,silver
cust_602,CA,bronze
cust_603,DE,silver
cust_604,US,silver
cust_605,IN,bronze
cust_606,IN,bronze
cust_607,DE,bronze
cust_608,IN,bronze
cust_609,FR,bronze
cust_610,UK,bronze
cust_611,US,gold
cust_612,US,silver
cust_613,CA,gold
cust_614,FR,gold
cust_615,IN,bronze
cust_616,UK,bronze
cust_617,UK,bronze
cust_618,UK,bronze
cust_619,US,bronze
cust_620,FR,silver
cust_621,IN,silver
cust_622,UK,bronze
cust_623,DE,bronze
cust_624,UK,bronze
cust_625,US,bronze
cust_626,UK,bronze
cust_627,IN,bronze
cust_628,IN,bronze
cust_629,IN,bronze
cust_630,DE,bronze
cust_631,UK,gold
cust_632,US,bronze
cust_633,FR,bronze
cust_634,FR,silver
cust_635,UK,silver
cust_636,CA,bronze
cust_637,US,bronze
cust_638,US,gold
cust_639,IN,bronze
cust_640,FR,bronze
cust_641,UK,bronze
cust_642,CA,silver
cust_643,CA,bronze
cust_644,IN,bronze
cust_645,IN,bronze
cust_646,UK,silver
cust_647,UK,bronze
cust_648,CA,silver
cust_649,CA,silver
cust_650,FR,bronze
cust_651,FR,silver
cust_652,IN,gold
cust_653,DE,silver
cust_654,US,bronze
cust_655,CA,silver
cust_656,US,bronze
cust_657,IN,silver
cust_658,FR,bronze
cust_659,DE,bronze
cust_660,CA,bronze
cust_661,DE,bronze
cust_662,FR,silver
cust_663,US,bronze
cust_664,IN,bronze
cust_665,US,bronze
cust_666,CA,bronze
cust_667,DE,bronze
cust_668,FR,bronze
cust_669,UK,bronze
cust_670,IN,silver
cust_671,DE,silver
cust_672,FR,bronze
cust_673,IN,silver
cust_674,IN,silver
cust_675,UK,bronze
cust_676,UK,gold
cust_677,DE,bronze
cust_678,UK,bronze
cust_679,US,silver
cust_680,CA,silver
cust_681,UK,bronze
cust_682,US,bronze
cust_683,IN,bronze
cust_684,CA,silver
cust_685,DE,silver
cust_686,CA,bronze
cust_687,US,bronze
cust_688,UK,bronze
cust_689,DE,bronze
cust_690,FR,bronze
cust_691,FR,bronze
cust_692,DE,silver
cust_693,US,bronze
cust_694,UK,bronze
cust_695,DE,bronze
cust_696,IN,bronze
cust_697,IN,bronze
cust_698,CA,silver
cust_699,DE,bronze
cust_700,DE,bronze
cust_701,US,bronze
cust_702,IN,silver
cust_703,UK,gold
cust_704,CA,silver
cust_705,DE,bronze
cust_706,UK,gold
cust_707,DE,bronze
cust_708,CA,gold
cust_709,DE,bronze
cust_710,FR,bronze
cust_711,CA,bronze
cust_712,US,silver
cust_713,CA,bronze
cust_714,FR,bronze
cust_715,US,bronze
cust_716,UK,bronze
cust_717,US,bronze
cust_718,IN,bronze
cust_719,IN,bronze
cust_720,FR,silver
cust_721,FR,bronze
cust_722,CA,bronze
cust_723,IN,gold
cust_724,DE,gold
cust_725,IN,bronze
cust_726,FR,bronze
cust_727,UK,bronze
cust_728,IN,silver
cust_729,US,gold
cust_730,DE,gold
cust_731,FR,bronze
cust_732,CA,bronze
cust_733,DE,bronze
cust_734,IN,bronze
cust_735,CA,silver
cust_736,DE,bronze
cust_737,IN,bronze
cust_738,UK,gold
cust_739,CA,bronze
cust_740,IN,bronze
cust_741,FR,silver
cust_742,UK,bronze
cust_743,UK,gold
cust_744,DE,bronze
cust_745,FR,bronze
cust_746,CA,gold
cust_747,CA,gold
cust_748,DE,bronze
cust_749,FR,bronze
cust_750,IN,silver
cust_751,IN,silver
cust_752,DE,silver
cust_753,DE,bronze
cust_754,US,bronze
cust_755,FR,silver
cust_756,US,bronze
cust_757,CA,silver
cust_758,FR,bronze
cust_759,UK,bronze
cust_760,DE,bronze
cust_761,IN,silver
cust_762,FR,bronze
cust_763,CA,bronze
cust_764,IN,bronze
cust_765,FR,bronze
cust_766,US,bronze
cust_767,US,gold
cust_768,US,bronze
cust_769,IN,bronze
cust_770,CA,bronze
cust_771,US,bronze
cust_772,FR,bronze
cust_773,DE,silver
cust_774,US,bronze
cust_775,FR,bronze
cust_776,IN,bronze
cust_777,DE,silver
cust_778,UK,bronze
cust_779,CA,bronze
cust_780,DE,bronze
cust_781,IN,silver
cust_782,US,bronze
cust_783,FR,bronze
cust_784,US,bronze
cust_785,DE,bronze
cust_786,DE,silver
cust_787,FR,bronze
cust_788,US,bronze
cust_789,IN,silver
cust_790,US,silver
cust_791,FR,bronze
cust_792,IN,silver
cust_793,UK,silver
cust_794,CA,silver
cust_795,FR,silver
cust_796,IN,bronze
cust_797,IN,bronze
cust_798,CA,bronze
cust_799,US,bronze
cust_800,DE,bronze
cust_801,DE,bronze
cust_802,DE,bronze
cust_803,FR,gold
cust_804,DE,gold
cust_805,CA,bronze
cust_806,UK,bronze
cust_807,CA,bronze
cust_808,UK,silver
cust_809,UK,silver
cust_810,UK,bronze
cust_811,FR,bronze
cust_812,US,silver
cust_813,US,bronze
cust_814,IN,bronze
cust_815,DE,bronze
cust_816,IN,silver
cust_817,UK,bronze
cust_818,DE,bronze
cust_819,DE,bronze
cust_820,FR,silver
cust_821,IN,bronze
cust_822,US,bronze
cust_823,FR,bronze
cust_824,UK,bronze
cust_825,UK,bronze
cust_826,UK,bronze
cust_827,IN,silver
cust_828,UK,silver
cust_829,FR,silver
cust_830,UK,gold
cust_831,US,bronze
cust_832,CA,silver
cust_833,DE,bronze
cust_834,FR,silver
cust_835,DE,silver
cust_836,IN,bronze
cust_837,DE,silver
cust_838,IN,bronze
cust_839,FR,silver
cust_840,CA,bronze
cust_841,IN,bronze
cust_842,IN,bronze
cust_843,CA,bronze
cust_844,CA,gold
cust_845,DE,silver
cust_846,IN,bronze
cust_847,CA,bronze
cust_848,DE,gold
cust_849,IN,bronze
cust_850,US,silver
cust_851,FR,bronze
cust_852,UK,silver
cust_853,US,bronze
cust_854,IN,silver
cust_855,DE,silver
cust_856,CA,silver
cust_857,DE,bronze
cust_858,UK,silver
cust_859,IN,silver
cust_860,US,silver
cust_861,IN,bronze
cust_862,DE,silver
cust_863,UK,bronze
cust_864,IN,bronze
cust_865,DE,silver
cust_866,CA,bronze
cust_867,CA,gold
cust_868,CA,silver
cust_869,US,bronze
cust_870,US,bronze
cust_871,DE,silver
cust_872,UK,bronze
cust_873,UK,bronze
cust_874,CA,bronze
cust_875,DE,bronze
cust_876,FR,bronze
cust_877,FR,bronze
cust_878,IN,silver
cust_879,UK,bronze
cust_880,IN,silver
cust_881,US,silver
cust_882,DE,bronze
cust_883,FR,bronze
cust_884,DE,bronze
cust_885,CA,bronze
cust_886,UK,bronze
cust_887,CA,silver
cust_888,DE,bronze
cust_889,US,bronze
cust_890,DE,bronze
cust_891,US,gold
cust_892,IN,gold
cust_893,UK,silver
cust_894,US,bronze
cust_895,CA,gold
cust_896,US,bronze
cust_897,DE,bronze
cust_898,FR,bronze
cust_899,CA,bronze
cust_900,IN,silver
cust_901,CA,bronze
cust_902,UK,bronze
cust_903,FR,bronze
cust_904,IN,gold
cust_905,IN,silver
cust_906,FR,bronze
cust_907,DE,silver
cust_908,UK,bronze
cust_909,UK,bronze
cust_910,UK,silver
cust_911,CA,bronze
cust_912,UK,silver
cust_913,UK,bronze
cust_914,DE,bronze
cust_915,DE,bronze
cust_916,US,bronze
cust_917,UK,bronze
cust_918,DE,silver
cust_919,IN,silver
cust_920,DE,bronze
cust_921,IN,silver
cust_922,FR,silver
cust_923,FR,bronze
cust_924,CA,gold
cust_925,DE,bronze
cust_926,DE,gold
cust_927,UK,bronze
cust_928,CA,silver
cust_929,DE,gold
cust_930,US,gold
cust_931,IN,silver
cust_932,IN,bronze
cust_933,US,silver
cust_934,DE,bronze
cust_935,US,bronze
cust_936,US,bronze
cust_937,US,silver
cust_938,CA,bronze
cust_939,UK,silver
cust_940,UK,silver
cust_941,CA,bronze
cust_942,IN,silver
cust_943,CA,bronze
cust_944,IN,silver
cust_945,DE,bronze
cust_946,CA,bronze
cust_947,UK,bronze
cust_948,FR,gold
cust_949,IN,bronze
cust_950,IN,gold
cust_951,FR,silver
cust_952,CA,bronze
cust_953,US,silver
cust_954,IN,bronze
cust_955,DE,bronze
cust_956,UK,silver
cust_957,CA,bronze
cust_958,US,bronze
cust_959,UK,gold
cust_960,CA,bronze
cust_961,CA,bronze
cust_962,IN,bronze
cust_963,FR,silver
cust_964,US,bronze
cust_965,UK,bronze
cust_966,DE,silver
cust_967,CA,silver
cust_968,CA,silver
cust_969,IN,silver
cust_970,DE,silver
cust_971,US,silver
cust_972,FR,bronze
cust_973,FR,bronze
cust_974,US,silver
cust_975,DE,silver
cust_976,CA,bronze
cust_977,IN,bronze
cust_978,UK,bronze
cust_979,FR,bronze
cust_980,FR,silver
cust_981,CA,bronze
cust_982,DE,bronze
cust_983,CA,silver
cust_984,CA,bronze
cust_985,CA,bronze
cust_986,IN,silver
cust_987,IN,bronze
cust_988,CA,bronze
cust_989,CA,silver
cust_990,UK,bronze
cust_991,IN,bronze
cust_992,CA,bronze
cust_993,IN,bronze
cust_994,FR,bronze
cust_995,UK,silver
cust_996,FR,silver
cust_997,DE,silver
cust_998,UK,bronze
cust_999,DE,bronze
cust_1000,FR,bronze
cust_1001,FR,bronze
cust_1002,UK,bronze
cust_1003,DE,gold
cust_1004,DE,silver
cust_1005,IN,bronze
cust_1006,UK,bronze
cust_1007,FR,bronze
cust_1008,FR,silver
cust_1009,IN,silver
cust_1010,CA,gold
cust_1011,CA,bronze
cust_1012,CA,silver
cust_1013,FR,silver
cust_1014,US,bronze
cust_1015,FR,bronze
cust_1016,CA,silver
cust_1017,DE,bronze
cust_1018,US,bronze
cust_1019,IN,gold
cust_1020,UK,bronze
cust_1021,FR,bronze
cust_1022,IN,bronze
cust_1023,FR,bronze
cust_1024,IN,silver
cust_1025,CA,bronze
cust_1026,DE,bronze
cust_1027,US,bronze
cust_1028,FR,silver
cust_1029,UK,bronze
cust_1030,US,silver
cust_1031,IN,bronze
cust_1032,FR,gold
cust_1033,DE,silver
cust_1034,FR,bronze
cust_1035,DE,silver
cust_1036,IN,silver
cust_1037,DE,silver
cust_1038,DE,bronze
cust_1039,US,bronze
cust_1040,US,silver
cust_1041,DE,gold
cust_1042,IN,bronze
cust_1043,FR,bronze
cust_1044,CA,silver
cust_1045,US,bronze
cust_1046,FR,bronze
cust_1047,IN,bronze
cust_1048,FR,silver
cust_1049,DE,silver
cust_1050,CA,silver
cust_1051,FR,bronze
cust_1052,IN,bronze
cust_1053,IN,silver
cust_1054,US,silver
cust_1055,IN,bronze
cust_1056,IN,silver
cust_1057,CA,silver
cust_1058,CA,silver
cust_1059,DE,silver
cust_1060,CA,bronze
cust_1061,DE,bronze
cust_1062,IN,silver
cust_1063,CA,gold
cust_1064,FR,bronze
cust_1065,DE,bronze
cust_1066,FR,bronze
cust_1067,DE,silver
cust_1068,FR,bronze
cust_1069,UK,bronze
cust_1070,CA,bronze
cust_1071,FR,silver
cust_1072,FR,bronze
cust_1073,DE,gold
cust_1074,IN,bronze
cust_1075,CA,bronze
cust_1076,CA,bronze
cust_1077,IN,silver
cust_1078,FR,bronze
cust_1079,US,silver
cust_1080,US,silver
cust_1081,IN,bronze
cust_1082,UK,bronze
cust_1083,FR,bronze
cust_1084,CA,bronze
cust_1085,FR,bronze
cust_1086,IN,bronze
cust_1087,US,bronze
cust_1088,IN,bronze
cust_1089,CA,bronze
cust_1090,CA,bronze
cust_1091,DE,bronze
cust_1092,UK,bronze
cust_1093,US,bronze
cust_1094,DE,silver
cust_1095,DE,bronze
cust_1096,US,bronze
cust_1097,IN,gold
cust_1098,FR,bronze
cust_1099,US,bronze
cust_1100,DE,silver
cust_1101,UK,silver
cust_1102,CA,gold
cust_1103,FR,bronze
cust_1104,FR,silver
cust_1105,CA,bronze
cust_1106,US,gold
cust_1107,CA,bronze
cust_1108,IN,bronze
cust_1109,CA,bronze
cust_1110,FR,silver
cust_1111,DE,bronze
cust_1112,IN,bronze
cust_1113,UK,gold
cust_1114,CA,gold
cust_1115,UK,gold
cust_1116,UK,bronze
cust_1117,DE,silver
cust_1118,UK,bronze
cust_1119,CA,bronze
cust_1120,UK,bronze
cust_1121,IN,bronze
cust_1122,CA,bronze
cust_1123,CA,silver
cust_1124,US,bronze
cust_1125,FR,bronze
cust_1126,CA,silver
cust_1127,FR,silver
cust_1128,FR,silver
cust_1129,CA,silver
cust_1130,IN,bronze
cust_1131,IN,silver
cust_1132,FR,bronze
cust_1133,IN,bronze
cust_1134,US,bronze
cust_1135,UK,bronze
cust_1136,FR,gold
cust_1137,FR,bronze
cust_1138,UK,bronze
cust_1139,UK,bronze
cust_1140,UK,gold
cust_1141,CA,silver
cust_1142,UK,gold
cust_1143,FR,silver
cust_1144,FR,bronze
cust_1145,DE,bronze
cust_1146,US,silver
cust_1147,UK,bronze
cust_1148,IN,bronze
cust_1149,CA,gold
cust_1150,UK,bronze
cust_1151,DE,bronze
cust_1152,US,gold
cust_1153,US,bronze
cust_1154,CA,bronze
cust_1155,US,bronze
cust_1156,DE,bronze
cust_1157,IN,bronze
cust_1158,US,bronze
cust_1159,IN,bronze
cust_1160,US,bronze
cust_1161,IN,silver
cust_1162,FR,gold
cust_1163,CA,silver
cust_1164,CA,gold
cust_1165,FR,bronze
cust_1166,DE,bronze
cust_1167,CA,bronze
cust_1168,IN,bronze
cust_1169,UK,silver
cust_1170,IN,silver
cust_1171,CA,bronze
cust_1172,UK,bronze
cust_1173,IN,gold
cust_1174,US,silver
cust_1175,UK,silver
cust_1176,IN,bronze
cust_1177,US,bronze
cust_1178,IN,silver
cust_1179,CA,bronze
cust_1180,US,bronze
cust_1181,IN,bronze
cust_1182,IN,bronze
cust_1183,FR,silver
cust_1184,DE,silver
cust_1185,UK,silver
cust_1186,FR,silver
cust_1187,IN,bronze
cust_1188,UK,gold
cust_1189,IN,silver
cust_1190,CA,bronze
cust_1191,US,bronze
cust_1192,FR,silver
cust_1193,CA,bronze
cust_1194,UK,silver
cust_1195,FR,silver
cust_1196,US,silver
cust_1197,FR,silver
cust_1198,UK,bronze
cust_1199,US,bronze
cust_1200,US,gold
cust_1201,IN,bronze
cust_1202,IN,bronze
cust_1203,FR,silver
cust_1204,UK,gold
cust_1205,US,bronze
cust_1206,DE,bronze
cust_1207,US,bronze
cust_1208,CA,bronze
cust_1209,IN,bronze
cust_1210,FR,bronze
cust_1211,DE,gold
cust_1212,DE,silver
cust_1213,US,bronze
cust_1214,FR,gold
cust_1215,US,bronze
cust_1216,US,silver
cust_1217,FR,bronze
cust_1218,DE,silver
cust_1219,CA,bronze
cust_1220,US,bronze
cust_1221,UK,gold
cust_1222,CA,silver
cust_1223,DE,gold
cust_1224,IN,bronze
cust_1225,FR,bronze
cust_1226,DE,silver
cust_1227,US,bronze
cust_1228,FR,bronze
cust_1229,US,gold
cust_1230,US,bronze
cust_1231,UK,bronze
cust_1232,US,bronze
cust_1233,IN,silver
cust_1234,DE,bronze
cust_1235,CA,silver
cust_1236,US,gold
cust_1237,US,silver
cust_1238,UK,gold
cust_1239,CA,bronze
cust_1240,UK,gold
cust_1241,CA,bronze
cust_1242,UK,bronze
cust_1243,DE,bronze
cust_1244,US,bronze
cust_1245,UK,silver
cust_1246,US,bronze
cust_1247,CA,bronze
cust_1248,CA,gold
cust_1249,DE,bronze
cust_1250,US,bronze
cust_1251,IN,silver
cust_1252,CA,silver
cust_1253,UK,silver
cust_1254,CA,bronze
cust_1255,FR,bronze
cust_1256,IN,silver
cust_1257,IN,bronze
cust_1258,UK,bronze
cust_1259,IN,silver
cust_1260,US,silver
cust_1261,CA,silver
cust_1262,US,silver
cust_1263,UK,gold
cust_1264,FR,gold
cust_1265,UK,bronze
cust_1266,UK,bronze
cust_1267,IN,silver
cust_1268,US,bronze
cust_1269,UK,silver
cust_1270,US,gold
cust_1271,CA,silver
cust_1272,DE,gold
cust_1273,IN,bronze
cust_1274,US,bronze
cust_1275,UK,silver
cust_1276,IN,bronze
cust_1277,DE,gold
cust_1278,IN,silver
cust_1279,CA,gold
cust_1280,DE,silver
cust_1281,UK,bronze
cust_1282,FR,gold
cust_1283,DE,bronze
cust_1284,IN,silver
cust_1285,FR,bronze
cust_1286,UK,silver
cust_1287,US,gold
cust_1288,IN,bronze
cust_1289,DE,silver
cust_1290,CA,bronze
cust_1291,IN,bronze
cust_1292,IN,silver
cust_1293,DE,bronze
cust_1294,UK,bronze
cust_1295,UK,bronze
cust_1296,UK,silver
cust_1297,DE,bronze
cust_1298,FR,bronze
cust_1299,FR,silver
cust_1300,IN,bronze
cust_1301,CA,gold
cust_1302,CA,silver
cust_1303,CA,bronze
cust_1304,UK,bronze
cust_1305,IN,gold
cust_1306,UK,bronze
cust_1307,US,bronze
cust_1308,US,bronze
cust_1309,US,bronze
cust_1310,CA,bronze
cust_1311,UK,silver
cust_1312,DE,silver
cust_1313,FR,bronze
cust_1314,FR,bronze
cust_1315,CA,bronze
cust_1316,IN,gold
cust_1317,UK,bronze
cust_1318,UK,bronze
cust_1319,US,bronze
cust_1320,DE,silver
cust_1321,UK,bronze
cust_1322,CA,silver
cust_1323,DE,bronze
cust_1324,UK,silver
cust_1325,DE,bronze
cust_1326,UK,bronze
cust_1327,CA,bronze
cust_1328,IN,silver
cust_1329,DE,gold
cust_1330,IN,bronze
cust_1331,US,silver
cust_1332,UK,bronze
cust_1333,US,silver
cust_1334,DE,silver
cust_1335,CA,bronze
cust_1336,FR,bronze
cust_1337,IN,silver
cust_1338,IN,bronze
cust_1339,FR,silver
cust_1340,IN,bronze
cust_1341,DE,bronze
cust_1342,US,bronze
cust_1343,FR,bronze
cust_1344,UK,silver
cust_1345,FR,bronze
cust_1346,CA,bronze
cust_1347,CA,bronze
cust_1348,UK,bronze
cust_1349,IN,bronze
cust_1350,DE,silver
cust_1351,FR,gold
cust_1352,UK,gold
cust_1353,DE,bronze
cust_1354,US,silver
cust_1355,IN,silver
cust_1356,UK,bronze
cust_1357,IN,silver
cust_1358,UK,bronze
cust_1359,FR,bronze
cust_1360,CA,bronze
cust_1361,UK,bronze
cust_1362,IN,bronze
cust_1363,US,bronze
cust_1364,US,bronze
cust_1365,IN,bronze
cust_1366,US,bronze
cust_1367,UK,bronze
cust_1368,US,bronze
cust_1369,US,bronze
cust_1370,CA,silver
cust_1371,IN,bronze
cust_1372,US,silver
cust_1373,FR,bronze
cust_1374,FR,bronze
cust_1375,CA,bronze
cust_1376,US,bronze
cust_1377,DE,silver
cust_1378,IN,bronze
cust_1379,IN,bronze
cust_1380,UK,bronze
cust_1381,FR,silver
cust_1382,IN,gold
cust_1383,IN,bronze
cust_1384,IN,bronze
cust_1385,DE,silver
cust_1386,CA,bronze
cust_1387,IN,gold
cust_1388,FR,silver
cust_1389,FR,silver
cust_1390,UK,bronze
cust_1391,DE,bronze
cust_1392,CA,bronze
cust_1393,IN,silver
cust_1394,IN,bronze
cust_1395,FR,silver
cust_1396,DE,bronze
cust_1397,DE,silver
cust_1398,CA,bronze
cust_1399,UK,silver
cust_1400,DE,bronze
cust_1401,IN,silver
cust_1402,US,bronze
cust_1403,US,gold
cust_1404,FR,bronze
cust_1405,IN,bronze
cust_1406,UK,bronze
cust_1407,DE,silver
cust_1408,CA,silver
cust_1409,CA,bronze
cust_1410,DE,bronze
cust_1411,DE,silver
cust_1412,FR,silver
cust_1413,IN,bronze
cust_1414,FR,gold
cust_1415,DE,silver
cust_1416,IN,bronze
cust_1417,IN,silver
cust_1418,UK,bronze
cust_1419,US,silver
cust_1420,CA,bronze
cust_1421,DE,bronze
cust_1422,US,silver
cust_1423,IN,silver
cust_1424,DE,gold
cust_1425,FR,bronze
cust_1426,UK,bronze
cust_1427,UK,bronze
cust_1428,DE,silver
cust_1429,CA,bronze
cust_1430,US,bronze
cust_1431,DE,bronze
cust_1432,US,bronze
cust_1433,DE,gold
cust_1434,IN,silver
cust_1435,US,bronze
cust_1436,FR,bronze
cust_1437,IN,bronze
cust_1438,DE,bronze
cust_1439,DE,bronze
cust_1440,UK,silver
cust_1441,FR,bronze
cust_1442,CA,silver
cust_1443,FR,bronze
cust_1444,CA,bronze
cust_1445,DE,bronze
cust_1446,CA,bronze
cust_1447,CA,silver
cust_1448,FR,silver
cust_1449,DE,silver
cust_1450,UK,silver
cust_1451,IN,silver
cust_1452,DE,gold
cust_1453,CA,silver
cust_1454,FR,bronze
cust_1455,FR,gold
cust_1456,FR,gold
cust_1457,UK,bronze
cust_1458,FR,bronze
cust_1459,CA,silver
cust_1460,CA,silver
cust_1461,FR,bronze
cust_1462,FR,silver
cust_1463,US,gold
cust_1464,FR,bronze
cust_1465,IN,bronze
cust_1466,US,bronze
cust_1467,IN,silver
cust_1468,UK,bronze
cust_1469,IN,bronze
cust_1470,UK,bronze
cust_1471,UK,silver
cust_1472,CA,silver
cust_1473,DE,bronze
cust_1474,FR,bronze
cust_1475,IN,silver
cust_1476,DE,bronze
cust_1477,US,bronze
cust_1478,US,bronze
cust_1479,IN,bronze
cust_1480,UK,bronze
cust_1481,DE,bronze
cust_1482,CA,bronze
cust_1483,UK,bronze
cust_1484,CA,silver
cust_1485,FR,gold
cust_1486,IN,bronze
cust_1487,IN,gold
cust_1488,US,silver
cust_1489,FR,silver
cust_1490,CA,bronze
cust_1491,UK,silver
cust_1492,UK,silver
cust_1493,DE,silver
cust_1494,US,silver
cust_1495,UK,bronze
cust_1496,CA,silver
cust_1497,FR,bronze
cust_1498,UK,bronze
cust_1499,UK,silver
cust_1500,DE,bronze
cust_1501,DE,bronze
cust_1502,FR,gold
cust_1503,DE,silver
cust_1504,CA,bronze
cust_1505,FR,silver
cust_1506,IN,silver
cust_1507,US,silver
cust_1508,FR,bronze
cust_1509,IN,silver
cust_1510,US,bronze
cust_1511,CA,silver
cust_1512,US,silver
cust_1513,IN,bronze
cust_1514,UK,bronze
cust_1515,UK,silver
cust_1516,FR,silver
cust_1517,FR,bronze
cust_1518,FR,bronze
cust_1519,UK,bronze
cust_1520,FR,bronze
cust_1521,DE,bronze
cust_1522,UK,bronze
cust_1523,CA,gold
cust_1524,IN,bronze
cust_1525,CA,bronze
cust_1526,UK,bronze
cust_1527,DE,gold
cust_1528,US,bronze
cust_1529,DE,bronze
cust_1530,UK,silver
cust_1531,FR,bronze
cust_1532,CA,silver
cust_1533,UK,bronze
cust_1534,CA,bronze
cust_1535,CA,silver
cust_1536,CA,bronze
cust_1537,CA,gold
cust_1538,FR,gold
cust_1539,UK,bronze
cust_1540,IN,silver
cust_1541,FR,silver
cust_1542,US,silver
cust_1543,FR,bronze
cust_1544,CA,bronze
cust_1545,UK,bronze
cust_1546,US,bronze
cust_1547,FR,bronze
cust_1548,FR,bronze
cust_1549,CA,bronze
cust_1550,UK,bronze
cust_1551,CA,silver
cust_1552,CA,bronze
cust_1553,DE,bronze
cust_1554,US,bronze
cust_1555,UK,silver
cust_1556,FR,silver
cust_1557,UK,silver
cust_1558,FR,bronze
cust_1559,FR,silver
cust_1560,CA,bronze
cust_1561,IN,silver
cust_1562,US,silver
cust_1563,CA,bronze
cust_1564,CA,silver
cust_1565,IN,gold
cust_1566,DE,bronze
cust_1567,US,bronze
cust_1568,DE,silver
cust_1569,IN,bronze
cust_1570,FR,bronze
cust_1571,UK,bronze
cust_1572,CA,silver
cust_1573,FR,bronze
cust_1574,CA,bronze
cust_1575,CA,bronze
cust_1576,UK,bronze
cust_1577,CA,bronze
cust_1578,FR,gold
cust_1579,FR,bronze
cust_1580,US,silver
cust_1581,IN,silver
cust_1582,CA,bronze
cust_1583,UK,silver
cust_1584,CA,silver
cust_1585,IN,silver
cust_1586,UK,silver
cust_1587,FR,silver
cust_1588,DE,bronze
cust_1589,DE,silver
cust_1590,CA,bronze
cust_1591,DE,silver
cust_1592,FR,gold
cust_1593,FR,bronze
cust_1594,CA,silver
cust_1595,US,silver
cust_1596,IN,bronze
cust_1597,FR,bronze
cust_1598,DE,bronze
cust_1599,IN,bronze
cust_1600,DE,bronze
cust_1601,UK,silver
cust_1602,FR,bronze
cust_1603,IN,silver
cust_1604,US,bronze
cust_1605,DE,bronze
cust_1606,DE,gold
cust_1607,IN,bronze
cust_1608,CA,bronze
cust_1609,UK,bronze
cust_1610,DE,bronze
cust_1611,UK,bronze
cust_1612,UK,bronze
cust_1613,US,bronze
cust_1614,DE,bronze
cust_1615,US,silver
cust_1616,FR,bronze
cust_1617,DE,bronze
cust_1618,FR,silver
cust_1619,DE,silver
cust_1620,US,bronze
cust_1621,CA,silver
cust_1622,US,bronze
cust_1623,DE,silver
cust_1624,FR,bronze
cust_1625,UK,bronze
cust_1626,UK,bronze
cust_1627,DE,bronze
cust_1628,UK,silver
cust_1629,CA,bronze
cust_1630,UK,gold
cust_1631,IN,bronze
cust_1632,IN,silver
cust_1633,FR,bronze
cust_1634,US,silver
cust_1635,FR,gold
cust_1636,US,bronze
cust_1637,UK,bronze
cust_1638,DE,silver
cust_1639,DE,bronze
cust_1640,US,silver
cust_1641,UK,bronze
cust_1642,US,bronze
cust_1643,DE,bronze
cust_1644,DE,bronze
cust_1645,UK,bronze
cust_1646,FR,bronze
cust_1647,CA,silver
cust_1648,DE,bronze
cust_1649,US,silver
cust_1650,CA,bronze
cust_1651,IN,bronze
cust_1652,IN,bronze
cust_1653,US,bronze
cust_1654,UK,bronze
cust_1655,DE,bronze
cust_1656,IN,silver
cust_1657,DE,bronze
cust_1658,DE,bronze
cust_1659,FR,silver
cust_1660,CA,silver
cust_1661,FR,bronze
cust_1662,CA,silver
cust_1663,CA,bronze
cust_1664,US,gold
cust_1665,US,silver
cust_1666,US,bronze
cust_1667,IN,bronze
cust_1668,CA,bronze
cust_1669,UK,silver
cust_1670,UK,bronze
cust_1671,DE,gold
cust_1672,DE,silver
cust_1673,DE,bronze
cust_1674,CA,bronze
cust_1675,FR,silver
cust_1676,UK,silver
cust_1677,IN,silver
cust_1678,UK,silver
cust_1679,CA,bronze
cust_1680,FR,bronze
cust_1681,UK,bronze
cust_1682,FR,bronze
cust_1683,FR,silver
cust_1684,FR,bronze
cust_1685,FR,bronze
cust_1686,IN,bronze
cust_1687,FR,bronze
cust_1688,FR,bronze
cust_1689,FR,silver
cust_1690,IN,bronze
cust_1691,US,bronze
cust_1692,DE,bronze
cust_1693,US,bronze
cust_1694,IN,bronze
cust_1695,DE,bronze
cust_1696,DE,bronze
cust_1697,CA,bronze
cust_1698,DE,bronze
cust_1699,UK,silver
cust_1700,CA,bronze
cust_1701,CA,silver
cust_1702,FR,bronze
cust_1703,DE,bronze
cust_1704,US,silver
cust_1705,CA,silver
cust_1706,FR,bronze
cust_1707,US,gold
cust_1708,UK,bronze
cust_1709,IN,bronze
cust_1710,UK,silver
cust_1711,UK,gold
cust_1712,DE,gold
cust_1713,CA,bronze
cust_1714,IN,silver
cust_1715,US,bronze
cust_1716,UK,bronze
cust_1717,IN,bronze
cust_1718,UK,bronze
cust_1719,IN,silver
cust_1720,FR,silver
cust_1721,US,silver
cust_1722,UK,bronze
cust_1723,FR,bronze
cust_1724,US,silver
cust_1725,IN,bronze
cust_1726,FR,bronze
cust_1727,UK,bronze
cust_1728,US,silver
cust_1729,CA,bronze
cust_1730,FR,silver
cust_1731,DE,bronze
cust_1732,DE,silver
cust_1733,US,silver
cust_1734,DE,bronze
cust_1735,UK,silver
cust_1736,DE,bronze
cust_1737,IN,bronze
cust_1738,UK,silver
cust_1739,IN,bronze
cust_1740,US,silver
cust_1741,DE,bronze
cust_1742,US,bronze
cust_1743,DE,bronze
cust_1744,UK,bronze
cust_1745,UK,bronze
cust_1746,US,silver
cust_1747,DE,bronze
cust_1748,US,gold
cust_1749,FR,bronze
cust_1750,CA,bronze
cust_1751,FR,gold
cust_1752,CA,bronze
cust_1753,IN,bronze
cust_1754,US,bronze
cust_1755,UK,silver
cust_1756,US,bronze
cust_1757,CA,silver
cust_1758,FR,bronze
cust_1759,CA,bronze
cust_1760,US,bronze
cust_1761,UK,bronze
cust_1762,UK,silver
cust_1763,FR,bronze
cust_1764,FR,silver
cust_1765,CA,bronze
cust_1766,CA,bronze
cust_1767,CA,bronze
cust_1768,DE,bronze
cust_1769,IN,bronze
cust_1770,DE,silver
cust_1771,US,bronze
cust_1772,CA,silver
cust_1773,CA,silver
cust_1774,DE,bronze
cust_1775,UK,bronze
cust_1776,UK,bronze
cust_1777,CA,bronze
cust_1778,CA,bronze
cust_1779,UK,bronze
cust_1780,UK,bronze
cust_1781,US,silver
cust_1782,DE,bronze
cust_1783,FR,bronze
cust_1784,IN,bronze
cust_1785,IN,bronze
cust_1786,UK,bronze
cust_1787,FR,bronze
cust_1788,IN,bronze
cust_1789,US,silver
cust_1790,UK,gold
cust_1791,US,silver
cust_1792,FR,silver
cust_1793,CA,bronze
cust_1794,UK,bronze
cust_1795,FR,bronze
cust_1796,US,bronze
cust_1797,FR,silver
cust_1798,IN,bronze
cust_1799,US,silver
cust_1800,CA,silver
cust_1801,CA,silver
cust_1802,DE,silver
cust_1803,IN,silver
cust_1804,IN,bronze
cust_1805,CA,silver
cust_1806,UK,bronze
cust_1807,UK,silver
cust_1808,FR,bronze
cust_1809,IN,bronze
cust_1810,IN,bronze
cust_1811,US,bronze
cust_1812,UK,gold
cust_1813,IN,bronze
cust_1814,US,bronze
cust_1815,FR,bronze
cust_1816,CA,bronze
cust_1817,UK,bronze
cust_1818,CA,silver
cust_1819,DE,bronze
cust_1820,US,bronze
cust_1821,US,bronze
cust_1822,UK,bronze
cust_1823,CA,bronze
cust_1824,CA,silver
cust_1825,DE,gold
cust_1826,DE,bronze
cust_1827,DE,gold
cust_1828,DE,silver
cust_1829,FR,bronze
cust_1830,UK,gold
cust_1831,US,bronze
cust_1832,IN,silver
cust_1833,US,bronze
cust_1834,UK,bronze
cust_1835,FR,bronze
cust_1836,CA,silver
cust_1837,US,silver
cust_1838,US,silver
cust_1839,IN,gold
cust_1840,DE,gold
cust_1841,US,bronze
cust_1842,UK,bronze
cust_1843,DE,bronze
cust_1844,CA,silver
cust_1845,IN,bronze
cust_1846,UK,bronze
cust_1847,IN,bronze
cust_1848,US,bronze
cust_1849,DE,silver
cust_1850,CA,bronze
cust_1851,DE,bronze
cust_1852,DE,bronze
cust_1853,CA,silver
cust_1854,DE,bronze
cust_1855,CA,gold
cust_1856,UK,bronze
cust_1857,DE,bronze
cust_1858,CA,bronze
cust_1859,CA,bronze
cust_1860,DE,bronze
cust_1861,UK,bronze
cust_1862,DE,silver
cust_1863,DE,bronze
cust_1864,US,silver
cust_1865,IN,bronze
cust_1866,US,bronze
cust_1867,DE,bronze
cust_1868,UK,bronze
cust_1869,CA,bronze
cust_1870,DE,silver
cust_1871,IN,bronze
cust_1872,FR,bronze
cust_1873,US,bronze
cust_1874,FR,gold
cust_1875,IN,gold
cust_1876,IN,bronze
cust_1877,CA,silver
cust_1878,DE,gold
cust_1879,UK,bronze
cust_1880,IN,bronze
cust_1881,US,gold
cust_1882,IN,gold
cust_1883,CA,silver
cust_1884,DE,bronze
cust_1885,DE,gold
cust_1886,CA,bronze
cust_1887,UK,gold
cust_1888,US,bronze
cust_1889,IN,bronze
cust_1890,UK,bronze
cust_1891,UK,bronze
cust_1892,FR,bronze
cust_1893,DE,bronze
cust_1894,IN,gold
cust_1895,DE,bronze
cust_1896,US,silver
cust_1897,US,bronze
cust_1898,FR,bronze
cust_1899,IN,silver
cust_1900,IN,silver
cust_1901,UK,bronze
cust_1902,FR,silver
cust_1903,IN,silver
cust_1904,CA,bronze
cust_1905,UK,bronze
cust_1906,US,bronze
cust_1907,UK,bronze
cust_1908,IN,silver
cust_1909,US,gold
cust_1910,IN,bronze
cust_1911,FR,silver
cust_1912,IN,bronze
cust_1913,UK,bronze
cust_1914,UK,bronze
cust_1915,IN,bronze
cust_1916,UK,gold
cust_1917,IN,gold
cust_1918,US,bronze
cust_1919,DE,bronze
cust_1920,DE,bronze
cust_1921,FR,bronze
cust_1922,CA,bronze
cust_1923,UK,silver
cust_1924,DE,bronze
cust_1925,IN,bronze
cust_1926,IN,gold
cust_1927,CA,silver
cust_1928,UK,bronze
cust_1929,US,gold
cust_1930,IN,bronze
cust_1931,IN,silver
cust_1932,IN,bronze
cust_1933,UK,bronze
cust_1934,US,bronze
cust_1935,FR,bronze
cust_1936,UK,bronze
cust_1937,IN,silver
cust_1938,FR,bronze
cust_1939,CA,bronze
cust_1940,US,bronze
cust_1941,IN,bronze
cust_1942,FR,bronze
cust_1943,US,silver
cust_1944,CA,bronze
cust_1945,CA,silver
cust_1946,US,silver
cust_1947,US,bronze
cust_1948,FR,silver
cust_1949,DE,gold
cust_1950,FR,bronze
cust_1951,IN,bronze
cust_1952,FR,silver
cust_1953,FR,bronze
cust_1954,UK,silver
cust_1955,FR,bronze
cust_1956,IN,bronze
cust_1957,UK,gold
cust_1958,IN,bronze
cust_1959,FR,bronze
cust_1960,US,silver
cust_1961,IN,bronze
cust_1962,FR,gold
cust_1963,US,bronze
cust_1964,UK,silver
cust_1965,UK,bronze
cust_1966,UK,gold
cust_1967,UK,bronze
cust_1968,UK,bronze
cust_1969,UK,silver
cust_1970,CA,silver
cust_1971,DE,bronze
cust_1972,UK,bronze
cust_1973,FR,bronze
cust_1974,UK,bronze
cust_1975,IN,bronze
cust_1976,US,bronze
cust_1977,CA,gold
cust_1978,US,bronze
cust_1979,CA,bronze
cust_1980,DE,silver
cust_1981,DE,bronze
cust_1982,UK,bronze
cust_1983,FR,bronze
cust_1984,IN,bronze
cust_1985,FR,silver
cust_1986,UK,silver
cust_1987,FR,silver
cust_1988,DE,silver
cust_1989,US,bronze
cust_1990,IN,bronze
cust_1991,US,bronze
cust_1992,UK,silver
cust_1993,US,silver
cust_1994,US,bronze
cust_1995,UK,bronze
cust_1996,FR,bronze
cust_1997,CA,bronze
cust_1998,CA,silver
cust_1999,CA,bronze
cust_2000,FR,bronze
cust_2001,DE,silver
cust_2002,CA,silver
cust_2003,CA,bronze
cust_2004,FR,silver
cust_2005,US,gold
cust_2006,CA,silver
cust_2007,FR,silver
cust_2008,CA,silver
cust_2009,IN,bronze
cust_2010,US,silver
cust_2011,UK,bronze
cust_2012,IN,bronze
cust_2013,US,silver
cust_2014,IN,bronze
cust_2015,FR,bronze
cust_2016,CA,bronze
cust_2017,US,gold
cust_2018,DE,bronze
cust_2019,US,silver
cust_2020,FR,bronze
cust_2021,DE,silver
cust_2022,IN,silver
cust_2023,UK,bronze
cust_2024,DE,gold
cust_2025,DE,silver
cust_2026,IN,bronze
cust_2027,US,bronze
cust_2028,FR,silver
cust_2029,UK,silver
cust_2030,US,bronze
cust_2031,UK,bronze
cust_2032,DE,silver
cust_2033,CA,bronze
cust_2034,FR,silver
cust_2035,CA,bronze
cust_2036,CA,bronze
cust_2037,DE,bronze
cust_2038,FR,silver
cust_2039,DE,silver
cust_2040,FR,bronze
cust_2041,DE,bronze
cust_2042,CA,gold
cust_2043,DE,bronze
cust_2044,US,silver
cust_2045,DE,silver
cust_2046,US,gold
cust_2047,US,bronze
cust_2048,IN,silver
cust_2049,US,bronze
cust_2050,US,silver
cust_2051,DE,gold
cust_2052,DE,silver
cust_2053,US,bronze
cust_2054,DE,bronze
cust_2055,DE,bronze
cust_2056,FR,silver
cust_2057,DE,silver
cust_2058,IN,bronze
cust_2059,UK,bronze
cust_2060,CA,bronze
cust_2061,UK,bronze
cust_2062,US,bronze
cust_2063,US,silver
cust_2064,US,bronze
cust_2065,CA,bronze
cust_2066,CA,bronze
cust_2067,IN,silver
cust_2068,US,bronze
cust_2069,IN,bronze
cust_2070,CA,silver
cust_2071,CA,silver
cust_2072,DE,bronze
cust_2073,UK,silver
cust_2074,US,gold
cust_2075,IN,silver
cust_2076,CA,silver
cust_2077,DE,bronze
cust_2078,DE,silver
cust_2079,DE,silver
cust_2080,DE,bronze
cust_2081,UK,gold
cust_2082,US,bronze
cust_2083,FR,bronze
cust_2084,CA,bronze
cust_2085,US,silver
cust_2086,FR,silver
cust_2087,UK,bronze
cust_2088,UK,bronze
cust_2089,US,bronze
cust_2090,UK,silver
cust_2091,IN,silver
cust_2092,CA,bronze
cust_2093,DE,silver
cust_2094,CA,bronze
cust_2095,IN,silver
cust_2096,DE,silver
cust_2097,DE,bronze
cust_2098,DE,bronze
cust_2099,US,bronze
cust_2100,UK,bronze
cust_2101,UK,bronze
cust_2102,US,bronze
cust_2103,DE,silver
cust_2104,US,silver
cust_2105,UK,silver
cust_2106,IN,silver
cust_2107,IN,bronze
cust_2108,FR,gold
cust_2109,CA,bronze
cust_2110,US,silver
cust_2111,UK,bronze
cust_2112,CA,gold
cust_2113,US,silver
cust_2114,IN,silver
cust_2115,DE,bronze
cust_2116,CA,bronze
cust_2117,FR,silver
cust_2118,FR,silver
cust_2119,DE,bronze
cust_2120,CA,silver
cust_2121,CA,bronze
cust_2122,FR,bronze
cust_2123,FR,gold
cust_2124,IN,silver
cust_2125,FR,bronze
cust_2126,DE,bronze
cust_2127,FR,gold
cust_2128,CA,bronze
cust_2129,US,silver
cust_2130,DE,bronze
cust_2131,US,silver
cust_2132,DE,bronze
cust_2133,FR,silver
cust_2134,CA,gold
cust_2135,IN,gold
cust_2136,FR,bronze
cust_2137,CA,bronze
cust_2138,UK,bronze
cust_2139,DE,bronze
cust_2140,US,bronze
cust_2141,DE,bronze
cust_2142,CA,silver
cust_2143,UK,silver
cust_2144,IN,bronze
cust_2145,UK,bronze
cust_2146,FR,bronze
cust_2147,IN,bronze
cust_2148,FR,bronze
cust_2149,CA,gold
cust_2150,FR,silver
cust_2151,DE,bronze
cust_2152,US,silver
cust_2153,FR,gold
cust_2154,FR,bronze
cust_2155,DE,bronze
cust_2156,CA,bronze
cust_2157,FR,silver
cust_2158,DE,silver
cust_2159,UK,silver
cust_2160,UK,gold
cust_2161,CA,bronze
cust_2162,DE,bronze
cust_2163,FR,bronze
cust_2164,CA,silver
cust_2165,UK,silver
cust_2166,IN,silver
cust_2167,DE,bronze
cust_2168,US,silver
cust_2169,CA,bronze
cust_2170,DE,bronze
cust_2171,CA,bronze
cust_2172,IN,silver
cust_2173,DE,bronze
cust_2174,DE,silver
cust_2175,FR,gold
cust_2176,UK,silver
cust_2177,IN,bronze
cust_2178,IN,bronze
cust_2179,FR,silver
cust_2180,DE,gold
cust_2181,UK,silver
cust_2182,IN,bronze
cust_2183,CA,silver
cust_2184,DE,bronze
cust_2185,DE,gold
cust_2186,DE,bronze
cust_2187,US,silver
cust_2188,US,bronze
cust_2189,CA,bronze
cust_2190,CA,silver
cust_2191,DE,bronze
cust_2192,FR,bronze
cust_2193,DE,gold
cust_2194,FR,silver
cust_2195,US,bronze
cust_2196,US,bronze
cust_2197,FR,silver
cust_2198,CA,bronze
cust_2199,US,bronze
cust_2200,IN,bronze
cust_2201,DE,bronze
cust_2202,DE,bronze
cust_2203,CA,bronze
cust_2204,FR,silver
cust_2205,FR,bronze
cust_2206,US,bronze
cust_2207,FR,bronze
cust_2208,DE,bronze
cust_2209,CA,bronze
cust_2210,DE,gold
cust_2211,UK,silver
cust_2212,IN,silver
cust_2213,US,silver
cust_2214,IN,bronze
cust_2215,UK,bronze
cust_2216,CA,silver
cust_2217,IN,bronze
cust_2218,DE,bronze
cust_2219,US,silver
cust_2220,FR,bronze
cust_2221,IN,bronze
cust_2222,UK,silver
cust_2223,IN,bronze
cust_2224,US,bronze
cust_2225,US,bronze
cust_2226,CA,silver
cust_2227,FR,bronze
cust_2228,IN,bronze
cust_2229,FR,gold
cust_2230,US,bronze
cust_2231,CA,bronze
cust_2232,US,bronze
cust_2233,US,bronze
cust_2234,DE,bronze
cust_2235,DE,silver
cust_2236,CA,bronze
cust_2237,US,gold
cust_2238,FR,bronze
cust_2239,CA,bronze
cust_2240,FR,bronze
cust_2241,US,silver
cust_2242,CA,silver
cust_2243,US,bronze
cust_2244,DE,bronze
cust_2245,UK,bronze
cust_2246,FR,bronze
cust_2247,FR,bronze
cust_2248,FR,silver
cust_2249,IN,bronze
cust_2250,UK,bronze
cust_2251,IN,bronze
cust_2252,CA,silver
cust_2253,IN,bronze
cust_2254,US,bronze
cust_2255,FR,bronze
cust_2256,DE,bronze
cust_2257,US,silver
cust_2258,US,gold
cust_2259,IN,gold
cust_2260,DE,bronze
cust_2261,FR,silver
cust_2262,UK,silver
cust_2263,CA,bronze
cust_2264,FR,bronze
cust_2265,UK,bronze
cust_2266,FR,bronze
cust_2267,UK,bronze
cust_2268,DE,gold
cust_2269,DE,bronze
cust_2270,CA,bronze
cust_2271,CA,silver
cust_2272,DE,gold
cust_2273,US,silver
cust_2274,DE,bronze
cust_2275,IN,silver
cust_2276,DE,bronze
cust_2277,US,bronze
cust_2278,CA,bronze
cust_2279,FR,bronze
cust_2280,UK,silver
cust_2281,UK,gold
cust_2282,US,bronze
cust_2283,IN,bronze
cust_2284,US,silver
cust_2285,DE,bronze
cust_2286,IN,gold
cust_2287,DE,silver
cust_2288,UK,silver
cust_2289,US,bronze
cust_2290,UK,silver
cust_2291,CA,bronze
cust_2292,US,silver
cust_2293,FR,gold
cust_2294,IN,silver
cust_2295,US,silver
cust_2296,CA,gold
cust_2297,US,bronze
cust_2298,IN,gold
cust_2299,DE,bronze
cust_2300,CA,bronze
cust_2301,US,silver
cust_2302,IN,bronze
cust_2303,UK,bronze
cust_2304,CA,silver
cust_2305,UK,bronze
cust_2306,IN,silver
cust_2307,FR,gold
cust_2308,UK,gold
cust_2309,CA,silver
cust_2310,IN,bronze
cust_2311,US,silver
cust_2312,DE,silver
cust_2313,IN,bronze
cust_2314,CA,bronze
cust_2315,US,bronze
cust_2316,IN,bronze
cust_2317,UK,gold
cust_2318,UK,bronze
cust_2319,IN,bronze
cust_2320,UK,silver
cust_2321,FR,bronze
cust_2322,FR,bronze
cust_2323,IN,gold
cust_2324,FR,bronze
cust_2325,CA,bronze
cust_2326,FR,bronze
cust_2327,US,silver
cust_2328,DE,bronze
cust_2329,FR,bronze
cust_2330,UK,bronze
cust_2331,CA,bronze
cust_2332,DE,gold
cust_2333,FR,silver
cust_2334,US,bronze
cust_2335,US,bronze
cust_2336,US,silver
cust_2337,UK,gold
cust_2338,FR,bronze
cust_2339,US,bronze
cust_2340,UK,bronze
cust_2341,DE,bronze
cust_2342,CA,bronze
cust_2343,IN,bronze
cust_2344,CA,bronze
cust_2345,UK,bronze
cust_2346,FR,bronze
cust_2347,FR,silver
cust_2348,CA,bronze
cust_2349,US,bronze
cust_2350,US,bronze
cust_2351,US,silver
cust_2352,DE,silver
cust_2353,DE,bronze
cust_2354,CA,bronze
cust_2355,DE,gold
cust_2356,CA,silver
cust_2357,CA,bronze
cust_2358,UK,bronze
cust_2359,IN,bronze
cust_2360,IN,bronze
cust_2361,FR,gold
cust_2362,UK,bronze
cust_2363,FR,silver
cust_2364,DE,bronze
cust_2365,UK,bronze
cust_2366,UK,bronze
cust_2367,DE,bronze
cust_2368,CA,bronze
cust_2369,UK,bronze
cust_2370,DE,bronze
cust_2371,IN,gold
cust_2372,IN,gold
cust_2373,CA,silver
cust_2374,DE,silver
cust_2375,IN,silver
cust_2376,FR,bronze
cust_2377,UK,bronze
cust_2378,US,silver
cust_2379,UK,bronze
cust_2380,US,silver
cust_2381,IN,bronze
cust_2382,IN,silver
cust_2383,IN,bronze
cust_2384,IN,bronze
cust_2385,US,gold
cust_2386,IN,bronze
cust_2387,FR,silver
cust_2388,DE,bronze
cust_2389,UK,bronze
cust_2390,US,gold
cust_2391,US,bronze
cust_2392,FR,bronze
cust_2393,FR,silver
cust_2394,DE,bronze
cust_2395,FR,bronze
cust_2396,UK,silver
cust_2397,US,silver
cust_2398,IN,bronze
cust_2399,UK,bronze
cust_2400,US,silver
cust_2401,IN,silver
cust_2402,UK,bronze
cust_2403,DE,gold
cust_2404,UK,bronze
cust_2405,CA,bronze
cust_2406,UK,bronze
cust_2407,US,silver
cust_2408,DE,silver
cust_2409,FR,bronze
cust_2410,CA,bronze
cust_2411,FR,bronze
cust_2412,DE,silver
cust_2413,IN,bronze
cust_2414,UK,bronze
cust_2415,US,bronze
cust_2416,UK,bronze
cust_2417,IN,bronze
cust_2418,US,bronze
cust_2419,IN,bronze
cust_2420,DE,silver
cust_2421,US,bronze
cust_2422,IN,bronze
cust_2423,IN,gold
cust_2424,IN,bronze
cust_2425,UK,bronze
cust_2426,DE,bronze
cust_2427,CA,bronze
cust_2428,IN,bronze
cust_2429,DE,bronze
cust_2430,CA,bronze
cust_2431,FR,bronze
cust_2432,US,bronze
cust_2433,CA,bronze
cust_2434,US,silver
cust_2435,DE,silver
cust_2436,DE,bronze
cust_2437,US,bronze
cust_2438,CA,bronze
cust_2439,CA,bronze
cust_2440,FR,bronze
cust_2441,DE,silver
cust_2442,UK,bronze
cust_2443,DE,silver
cust_2444,US,silver
cust_2445,CA,gold
cust_2446,IN,bronze
cust_2447,UK,bronze
cust_2448,DE,silver
cust_2449,UK,bronze
cust_2450,FR,bronze
cust_2451,UK,silver
cust_2452,FR,silver
cust_2453,CA,gold
cust_2454,CA,silver
cust_2455,UK,bronze
cust_2456,CA,silver
cust_2457,DE,silver
cust_2458,CA,bronze
cust_2459,IN,bronze
cust_2460,IN,silver
cust_2461,DE,bronze
cust_2462,DE,silver
cust_2463,CA,bronze
cust_2464,US,silver
cust_2465,DE,bronze
cust_2466,IN,bronze
cust_2467,DE,silver
cust_2468,CA,bronze
cust_2469,US,bronze
cust_2470,US,bronze
cust_2471,UK,bronze
cust_2472,FR,bronze
cust_2473,FR,bronze
cust_2474,CA,bronze
cust_2475,CA,silver
cust_2476,FR,silver
cust_2477,IN,bronze
cust_2478,FR,bronze
cust_2479,FR,silver
cust_2480,FR,gold
cust_2481,IN,bronze
cust_2482,DE,silver
cust_2483,FR,bronze
cust_2484,IN,silver
cust_2485,CA,bronze
cust_2486,FR,bronze
cust_2487,CA,gold
cust_2488,IN,bronze
cust_2489,UK,bronze
cust_2490,FR,bronze
cust_2491,CA,bronze
cust_2492,IN,bronze
cust_2493,UK,silver
cust_2494,IN,bronze
cust_2495,CA,bronze
cust_2496,UK,silver
cust_2497,DE,silver
cust_2498,US,bronze
cust_2499,IN,bronze
cust_2500,US,silver
cust_2501,DE,bronze
cust_2502,FR,bronze
cust_2503,US,bronze
cust_2504,DE,silver
cust_2505,FR,bronze
cust_2506,US,bronze
cust_2507,CA,silver
cust_2508,FR,gold
cust_2509,CA,gold
cust_2510,FR,bronze
cust_2511,UK,gold
cust_2512,US,bronze
cust_2513,FR,bronze
cust_2514,US,silver
cust_2515,FR,gold
cust_2516,CA,bronze
cust_2517,DE,bronze
cust_2518,FR,bronze
cust_2519,US,bronze
cust_2520,DE,bronze
cust_2521,FR,silver
cust_2522,UK,bronze
cust_2523,US,silver
cust_2524,US,gold
cust_2525,FR,bronze
cust_2526,FR,bronze
cust_2527,UK,bronze
cust_2528,CA,gold
cust_2529,CA,silver
cust_2530,DE,silver
cust_2531,US,gold
cust_2532,CA,bronze
cust_2533,UK,silver
cust_2534,DE,bronze
cust_2535,FR,gold
cust_2536,IN,bronze
cust_2537,IN,gold
cust_2538,US,bronze
cust_2539,DE,bronze
cust_2540,US,silver
cust_2541,CA,bronze
cust_2542,CA,bronze
cust_2543,DE,bronze
cust_2544,US,bronze
cust_2545,DE,silver
cust_2546,IN,bronze
cust_2547,IN,silver
cust_2548,DE,bronze
cust_2549,IN,bronze
cust_2550,CA,silver
cust_2551,FR,bronze
cust_2552,FR,bronze
cust_2553,UK,silver
cust_2554,UK,bronze
cust_2555,IN,bronze
cust_2556,UK,silver
cust_2557,US,silver
cust_2558,IN,bronze
cust_2559,US,silver
cust_2560,IN,bronze
cust_2561,IN,bronze
cust_2562,UK,silver
cust_2563,IN,bronze
cust_2564,IN,bronze
cust_2565,CA,bronze
cust_2566,FR,bronze
cust_2567,DE,silver
cust_2568,IN,bronze
cust_2569,UK,bronze
cust_2570,UK,bronze
cust_2571,DE,bronze
cust_2572,CA,silver
cust_2573,US,gold
cust_2574,FR,bronze
cust_2575,FR,silver
cust_2576,DE,gold
cust_2577,CA,bronze
cust_2578,US,silver
cust_2579,US,gold
cust_2580,IN,bronze
cust_2581,IN,bronze
cust_2582,UK,silver
cust_2583,CA,gold
cust_2584,CA,bronze
cust_2585,FR,silver
cust_2586,IN,bronze
cust_2587,CA,silver
cust_2588,IN,bronze
cust_2589,FR,bronze
cust_2590,FR,bronze
cust_2591,FR,silver
cust_2592,UK,silver
cust_2593,IN,silver
cust_2594,US,bronze
cust_2595,CA,gold
cust_2596,UK,bronze
cust_2597,IN,gold
cust_2598,CA,gold
cust_2599,CA,bronze
cust_2600,CA,gold
cust_2601,UK,silver
cust_2602,US,bronze
cust_2603,CA,bronze
cust_2604,UK,gold
cust_2605,CA,bronze
cust_2606,IN,silver
cust_2607,CA,bronze
cust_2608,UK,bronze
cust_2609,US,bronze
cust_2610,IN,silver
cust_2611,DE,bronze
cust_2612,DE,silver
cust_2613,US,bronze
cust_2614,CA,bronze
cust_2615,UK,bronze
cust_2616,UK,bronze
cust_2617,IN,silver
cust_2618,DE,silver
cust_2619,FR,bronze
cust_2620,UK,bronze
cust_2621,CA,silver
cust_2622,US,bronze
cust_2623,IN,gold
cust_2624,CA,silver
cust_2625,CA,silver
cust_2626,US,bronze
cust_2627,UK,bronze
cust_2628,FR,bronze
cust_2629,IN,gold
cust_2630,CA,bronze
cust_2631,IN,silver
cust_2632,US,bronze
cust_2633,IN,bronze
cust_2634,US,bronze
cust_2635,IN,silver
cust_2636,FR,gold
cust_2637,UK,bronze
cust_2638,US,bronze
cust_2639,CA,silver
cust_2640,FR,silver
cust_2641,FR,bronze
cust_2642,CA,silver
cust_2643,FR,bronze
cust_2644,CA,bronze
cust_2645,US,bronze
cust_2646,UK,bronze
cust_2647,UK,bronze
cust_2648,DE,gold
cust_2649,US,bronze
cust_2650,US,gold
cust_2651,US,bronze
cust_2652,IN,bronze
cust_2653,UK,gold
cust_2654,CA,bronze
cust_2655,UK,bronze
cust_2656,US,gold
cust_2657,UK,bronze
cust_2658,IN,bronze
cust_2659,US,bronze
cust_2660,US,silver
cust_2661,IN,bronze
cust_2662,UK,bronze
cust_2663,UK,bronze
cust_2664,IN,silver
cust_2665,IN,bronze
cust_2666,FR,bronze
cust_2667,CA,bronze
cust_2668,CA,gold
cust_2669,UK,bronze
cust_2670,DE,bronze
cust_2671,DE,bronze
cust_2672,FR,gold
cust_2673,US,silver
cust_2674,IN,bronze
cust_2675,IN,silver
cust_2676,DE,silver
cust_2677,CA,bronze
cust_2678,UK,bronze
cust_2679,US,silver
cust_2680,DE,bronze
cust_2681,IN,silver
cust_2682,FR,bronze
cust_2683,DE,bronze
cust_2684,IN,silver
cust_2685,FR,bronze
cust_2686,FR,bronze
cust_2687,US,bronze
cust_2688,US,silver
cust_2689,US,silver
cust_2690,IN,bronze
cust_2691,IN,silver
cust_2692,CA,bronze
cust_2693,CA,bronze
cust_2694,US,silver
cust_2695,UK,bronze
cust_2696,FR,bronze
cust_2697,UK,bronze
cust_2698,CA,bronze
cust_2699,UK,bronze
cust_2700,UK,silver
cust_2701,DE,gold
cust_2702,US,bronze
cust_2703,DE,silver
cust_2704,US,silver
cust_2705,DE,bronze
cust_2706,FR,silver
cust_2707,CA,bronze
cust_2708,US,silver
cust_2709,US,silver
cust_2710,IN,gold
cust_2711,IN,gold
cust_2712,CA,bronze
cust_2713,US,gold
cust_2714,FR,silver
cust_2715,US,silver
cust_2716,DE,bronze
cust_2717,UK,bronze
cust_2718,IN,bronze
cust_2719,US,bronze
cust_2720,CA,bronze
cust_2721,DE,silver
cust_2722,DE,bronze
cust_2723,US,silver
cust_2724,CA,silver
cust_2725,UK,silver
cust_2726,IN,silver
cust_2727,FR,silver
cust_2728,US,bronze
cust_2729,CA,bronze
cust_2730,DE,bronze
cust_2731,CA,bronze
cust_2732,UK,bronze
cust_2733,DE,silver
cust_2734,UK,silver
cust_2735,DE,silver
cust_2736,CA,silver
cust_2737,UK,bronze
cust_2738,UK,bronze
cust_2739,IN,bronze
cust_2740,DE,gold
cust_2741,FR,silver
cust_2742,DE,gold
cust_2743,FR,silver
cust_2744,FR,bronze
cust_2745,UK,bronze
cust_2746,DE,bronze
cust_2747,US,bronze
cust_2748,US,bronze
cust_2749,CA,bronze
cust_2750,IN,silver
cust_2751,UK,silver
cust_2752,UK,silver
cust_2753,CA,silver
cust_2754,FR,silver
cust_2755,CA,bronze
cust_2756,IN,bronze
cust_2757,CA,bronze
cust_2758,FR,gold
cust_2759,IN,bronze
cust_2760,FR,silver
cust_2761,FR,bronze
cust_2762,FR,bronze
cust_2763,US,bronze
cust_2764,CA,bronze
cust_2765,US,silver
cust_2766,IN,bronze
cust_2767,IN,bronze
cust_2768,UK,bronze
cust_2769,FR,gold
cust_2770,US,silver
cust_2771,CA,silver
cust_2772,UK,gold
cust_2773,UK,silver
cust_2774,UK,bronze
cust_2775,US,bronze
cust_2776,IN,bronze
cust_2777,DE,bronze
cust_2778,FR,bronze
cust_2779,CA,silver
cust_2780,UK,bronze
cust_2781,FR,bronze
cust_2782,CA,bronze
cust_2783,CA,silver
cust_2784,IN,bronze
cust_2785,DE,silver
cust_2786,IN,silver
cust_2787,UK,silver
cust_2788,DE,bronze
cust_2789,DE,silver
cust_2790,UK,bronze
cust_2791,FR,silver
cust_2792,CA,bronze
cust_2793,DE,bronze
cust_2794,US,bronze
cust_2795,UK,bronze
cust_2796,US,bronze
cust_2797,IN,bronze
cust_2798,US,gold
cust_2799,DE,gold
cust_2800,UK,bronze
cust_2801,UK,bronze
cust_2802,DE,silver
cust_2803,UK,bronze
cust_2804,UK,bronze
cust_2805,UK,bronze
cust_2806,IN,bronze
cust_2807,IN,bronze
cust_2808,CA,bronze
cust_2809,DE,bronze
cust_2810,IN,silver
cust_2811,FR,silver
cust_2812,UK,bronze
cust_2813,FR,gold
cust_2814,UK,bronze
cust_2815,CA,bronze
cust_2816,FR,bronze
cust_2817,UK,bronze
cust_2818,CA,bronze
cust_2819,US,silver
cust_2820,US,bronze
cust_2821,DE,silver
cust_2822,US,bronze
cust_2823,IN,bronze
cust_2824,US,silver
cust_2825,US,gold
cust_2826,DE,bronze
cust_2827,US,bronze
cust_2828,CA,bronze
cust_2829,UK,bronze
cust_2830,CA,silver
cust_2831,FR,bronze
cust_2832,IN,silver
cust_2833,CA,bronze
cust_2834,UK,bronze
cust_2835,UK,gold
cust_2836,DE,bronze
cust_2837,FR,silver
cust_2838,UK,silver
cust_2839,FR,bronze
cust_2840,DE,silver
cust_2841,UK,silver
cust_2842,IN,bronze
cust_2843,DE,silver
cust_2844,UK,silver
cust_2845,DE,silver
cust_2846,DE,silver
cust_2847,DE,bronze
cust_2848,US,silver
cust_2849,CA,bronze
cust_2850,UK,silver
cust_2851,IN,bronze
cust_2852,US,gold
cust_2853,US,bronze
cust_2854,CA,bronze
cust_2855,US,silver
cust_2856,FR,bronze
cust_2857,FR,bronze
cust_2858,IN,gold
cust_2859,CA,bronze
cust_2860,IN,gold
cust_2861,DE,bronze
cust_2862,DE,silver
cust_2863,IN,bronze
cust_2864,US,bronze
cust_2865,FR,silver
cust_2866,CA,silver
cust_2867,IN,bronze
cust_2868,IN,gold
cust_2869,US,silver
cust_2870,DE,bronze
cust_2871,US,silver
cust_2872,US,bronze
cust_2873,UK,bronze
cust_2874,IN,silver
cust_2875,CA,bronze
cust_2876,IN,gold
cust_2877,US,silver
cust_2878,US,silver
cust_2879,DE,bronze
cust_2880,US,bronze
cust_2881,CA,silver
cust_2882,IN,bronze
cust_2883,US,bronze
cust_2884,CA,gold
cust_2885,IN,bronze
cust_2886,FR,bronze
cust_2887,UK,bronze
cust_2888,CA,gold
cust_2889,US,bronze
cust_2890,FR,silver
cust_2891,US,bronze
cust_2892,UK,silver
cust_2893,CA,gold
cust_2894,FR,silver
cust_2895,UK,bronze
cust_2896,CA,silver
cust_2897,UK,silver
cust_2898,FR,silver
cust_2899,UK,silver
cust_2900,UK,bronze
cust_2901,FR,bronze
cust_2902,CA,bronze
cust_2903,DE,gold
cust_2904,IN,bronze
cust_2905,FR,bronze
cust_2906,UK,bronze
cust_2907,CA,silver
cust_2908,US,silver
cust_2909,CA,bronze
cust_2910,DE,bronze
cust_2911,FR,bronze
cust_2912,US,bronze
cust_2913,DE,silver
cust_2914,IN,silver
cust_2915,IN,gold
cust_2916,UK,silver
cust_2917,IN,bronze
cust_2918,US,silver
cust_2919,CA,bronze
cust_2920,CA,bronze
cust_2921,US,bronze
cust_2922,CA,silver
cust_2923,DE,bronze
cust_2924,US,silver
cust_2925,IN,silver
cust_2926,UK,bronze
cust_2927,UK,gold
cust_2928,US,bronze
cust_2929,DE,bronze
cust_2930,FR,bronze
cust_2931,UK,bronze
cust_2932,IN,silver
cust_2933,FR,silver
cust_2934,DE,bronze
cust_2935,UK,silver
cust_2936,IN,bronze
cust_2937,US,silver
cust_2938,UK,bronze
cust_2939,FR,bronze
cust_2940,CA,bronze
cust_2941,FR,gold
cust_2942,IN,gold
cust_2943,US,bronze
cust_2944,DE,bronze
cust_2945,DE,silver
cust_2946,FR,silver
cust_2947,CA,gold
cust_2948,IN,silver
cust_2949,US,gold
cust_2950,IN,silver
cust_2951,CA,silver
cust_2952,FR,bronze
cust_2953,UK,silver
cust_2954,CA,bronze
cust_2955,IN,bronze
cust_2956,US,bronze
cust_2957,FR,gold
cust_2958,UK,bronze
cust_2959,US,silver
cust_2960,US,silver
cust_2961,US,bronze
cust_2962,DE,bronze
cust_2963,US,gold
cust_2964,DE,silver
cust_2965,CA,bronze
cust_2966,CA,bronze
cust_2967,UK,bronze
cust_2968,FR,silver
cust_2969,DE,silver
cust_2970,FR,silver
cust_2971,IN,silver
cust_2972,CA,bronze
cust_2973,CA,gold
cust_2974,UK,silver
cust_2975,CA,bronze
cust_2976,FR,bronze
cust_2977,FR,bronze
cust_2978,FR,bronze
cust_2979,FR,silver
cust_2980,UK,bronze
cust_2981,UK,bronze
cust_2982,CA,bronze
cust_2983,CA,bronze
cust_2984,DE,bronze
cust_2985,IN,bronze
cust_2986,DE,bronze
cust_2987,FR,silver
cust_2988,US,silver
cust_2989,CA,bronze
cust_2990,DE,silver
cust_2991,DE,bronze
cust_2992,IN,bronze
cust_2993,IN,silver
cust_2994,US,bronze
cust_2995,CA,bronze
cust_2996,DE,silver
cust_2997,CA,bronze
cust_2998,UK,bronze
cust_2999,IN,silver
cust_3000,UK,bronze
cust_3001,DE,silver
cust_3002,CA,bronze
cust_3003,DE,bronze
cust_3004,UK,bronze
cust_3005,US,silver
cust_3006,IN,bronze
cust_3007,DE,silver
cust_3008,DE,bronze
cust_3009,UK,silver
cust_3010,CA,bronze
cust_3011,UK,bronze
cust_3012,FR,bronze
cust_3013,IN,bronze
cust_3014,IN,gold
cust_3015,US,silver
cust_3016,IN,bronze
cust_3017,CA,silver
cust_3018,FR,bronze
cust_3019,IN,bronze
cust_3020,DE,gold
cust_3021,IN,bronze
cust_3022,FR,bronze
cust_3023,FR,bronze
cust_3024,CA,gold
cust_3025,CA,bronze
cust_3026,FR,silver
cust_3027,UK,bronze
cust_3028,FR,bronze
cust_3029,US,silver
cust_3030,FR,gold
cust_3031,UK,silver
cust_3032,DE,silver
cust_3033,UK,bronze
cust_3034,IN,bronze
cust_3035,CA,bronze
cust_3036,DE,bronze
cust_3037,CA,bronze
cust_3038,CA,bronze
cust_3039,IN,gold
cust_3040,UK,bronze
cust_3041,IN,silver
cust_3042,UK,silver
cust_3043,US,bronze
cust_3044,US,silver
cust_3045,UK,silver
cust_3046,CA,silver
cust_3047,CA,gold
cust_3048,UK,bronze
cust_3049,IN,silver
cust_3050,DE,bronze
cust_3051,IN,bronze
cust_3052,CA,bronze
cust_3053,IN,bronze
cust_3054,US,gold
cust_3055,IN,bronze
cust_3056,CA,silver
cust_3057,US,silver
cust_3058,DE,bronze
cust_3059,FR,bronze
cust_3060,FR,bronze
cust_3061,DE,bronze
cust_3062,FR,bronze
cust_3063,CA,silver
cust_3064,FR,gold
cust_3065,UK,silver
cust_3066,UK,gold
cust_3067,US,bronze
cust_3068,FR,silver
cust_3069,IN,silver
cust_3070,UK,bronze
cust_3071,DE,silver
cust_3072,CA,silver
cust_3073,DE,bronze
cust_3074,IN,silver
cust_3075,US,silver
cust_3076,FR,gold
cust_3077,DE,bronze
cust_3078,CA,bronze
cust_3079,FR,silver
cust_3080,FR,gold
cust_3081,FR,bronze
cust_3082,CA,bronze
cust_3083,IN,bronze
cust_3084,UK,silver
cust_3085,UK,bronze
cust_3086,UK,bronze
cust_3087,IN,silver
cust_3088,FR,bronze
cust_3089,UK,bronze
cust_3090,CA,bronze
cust_3091,IN,bronze
cust_3092,UK,bronze
cust_3093,UK,silver
cust_3094,UK,bronze
cust_3095,CA,gold
cust_3096,IN,bronze
cust_3097,DE,silver
cust_3098,IN,bronze
cust_3099,DE,silver
cust_3100,FR,bronze
cust_3101,IN,bronze
cust_3102,IN,bronze
cust_3103,IN,silver
cust_3104,IN,bronze
cust_3105,US,bronze
cust_3106,UK,silver
cust_3107,IN,bronze
cust_3108,CA,bronze
cust_3109,IN,bronze
cust_3110,DE,bronze
cust_3111,CA,silver
cust_3112,US,bronze
cust_3113,US,silver
cust_3114,UK,bronze
cust_3115,UK,bronze
cust_3116,US,silver
cust_3117,IN,bronze
cust_3118,DE,silver
cust_3119,UK,silver
cust_3120,IN,gold
cust_3121,DE,bronze
cust_3122,DE,bronze
cust_3123,FR,bronze
cust_3124,FR,silver
cust_3125,CA,bronze
cust_3126,IN,silver
cust_3127,US,silver
cust_3128,CA,bronze
cust_3129,FR,silver
cust_3130,DE,gold
cust_3131,CA,bronze
cust_3132,IN,bronze
cust_3133,CA,silver
cust_3134,IN,gold
cust_3135,US,bronze
cust_3136,FR,bronze
cust_3137,US,bronze
cust_3138,FR,silver
cust_3139,US,gold
cust_3140,FR,bronze
cust_3141,DE,bronze
cust_3142,DE,bronze
cust_3143,UK,bronze
cust_3144,FR,silver
cust_3145,DE,silver
cust_3146,IN,silver
cust_3147,CA,silver
cust_3148,IN,silver
cust_3149,FR,bronze
cust_3150,UK,silver
cust_3151,IN,silver
cust_3152,DE,bronze
cust_3153,US,bronze
cust_3154,UK,bronze
cust_3155,UK,bronze
cust_3156,FR,bronze
cust_3157,FR,bronze
cust_3158,US,gold
cust_3159,CA,bronze
cust_3160,CA,silver
cust_3161,DE,bronze
cust_3162,UK,gold
cust_3163,IN,silver
cust_3164,UK,bronze
cust_3165,FR,silver
cust_3166,CA,gold
cust_3167,CA,bronze
cust_3168,DE,bronze
cust_3169,FR,bronze
cust_3170,UK,bronze
cust_3171,DE,silver
cust_3172,US,bronze
cust_3173,US,silver
cust_3174,UK,bronze
cust_3175,IN,bronze
cust_3176,US,silver
cust_3177,UK,silver
cust_3178,UK,bronze
cust_3179,FR,bronze
cust_3180,UK,bronze
cust_3181,US,bronze
cust_3182,IN,silver
cust_3183,US,gold
cust_3184,US,bronze
cust_3185,FR,silver
cust_3186,DE,bronze
cust_3187,IN,silver
cust_3188,UK,silver
cust_3189,DE,bronze
cust_3190,DE,bronze
cust_3191,FR,gold
cust_3192,UK,silver
cust_3193,DE,bronze
cust_3194,IN,bronze
cust_3195,DE,bronze
cust_3196,UK,bronze
cust_3197,FR,bronze
cust_3198,DE,bronze
cust_3199,CA,silver
cust_3200,CA,silver
cust_3201,US,gold
cust_3202,US,silver
cust_3203,FR,bronze
cust_3204,CA,bronze
cust_3205,US,silver
cust_3206,FR,bronze
cust_3207,US,bronze
cust_3208,CA,bronze
cust_3209,CA,bronze
cust_3210,DE,bronze
cust_3211,IN,bronze
cust_3212,US,gold
cust_3213,US,silver
cust_3214,CA,bronze
cust_3215,CA,silver
cust_3216,FR,bronze
cust_3217,FR,bronze
cust_3218,CA,silver
cust_3219,FR,silver
cust_3220,US,bronze
cust_3221,CA,bronze
cust_3222,IN,bronze
cust_3223,CA,bronze
cust_3224,US,bronze
cust_3225,FR,bronze
cust_3226,FR,silver
cust_3227,CA,bronze
cust_3228,UK,bronze
cust_3229,DE,gold
cust_3230,US,silver
cust_3231,IN,silver
cust_3232,US,bronze
cust_3233,IN,silver
cust_3234,US,silver
cust_3235,CA,bronze
cust_3236,FR,bronze
cust_3237,IN,bronze
cust_3238,CA,bronze
cust_3239,UK,bronze
cust_3240,US,bronze
cust_3241,UK,bronze
cust_3242,CA,bronze
cust_3243,CA,silver
cust_3244,IN,gold
cust_3245,CA,bronze
cust_3246,UK,silver
cust_3247,CA,gold
cust_3248,FR,bronze
cust_3249,CA,bronze
cust_3250,UK,gold
cust_3251,IN,bronze
cust_3252,US,bronze
cust_3253,DE,bronze
cust_3254,DE,gold
cust_3255,US,bronze
cust_3256,DE,silver
cust_3257,IN,bronze
cust_3258,DE,silver
cust_3259,UK,bronze
cust_3260,FR,bronze
cust_3261,FR,gold
cust_3262,CA,silver
cust_3263,FR,gold
cust_3264,UK,bronze
cust_3265,DE,bronze
cust_3266,FR,bronze
cust_3267,FR,bronze
cust_3268,US,silver
cust_3269,US,bronze
cust_3270,FR,bronze
cust_3271,IN,bronze
cust_3272,UK,bronze
cust_3273,US,silver
cust_3274,CA,bronze
cust_3275,IN,gold
cust_3276,CA,silver
cust_3277,UK,silver
cust_3278,CA,bronze
cust_3279,CA,bronze
cust_3280,IN,bronze
cust_3281,US,bronze
cust_3282,FR,bronze
cust_3283,IN,silver
cust_3284,US,bronze
cust_3285,IN,bronze
cust_3286,IN,bronze
cust_3287,CA,bronze
cust_3288,IN,silver
cust_3289,UK,gold
cust_3290,CA,bronze
cust_3291,FR,silver
cust_3292,IN,bronze
cust_3293,CA,gold
cust_3294,CA,silver
cust_3295,US,silver
cust_3296,DE,gold
cust_3297,IN,bronze
cust_3298,DE,silver
cust_3299,UK,bronze
cust_3300,DE,bronze
cust_3301,IN,gold
cust_3302,US,bronze
cust_3303,IN,bronze
cust_3304,FR,silver
cust_3305,UK,silver
cust_3306,DE,silver
cust_3307,FR,silver
cust_3308,DE,bronze
cust_3309,US,bronze
cust_3310,US,bronze
cust_3311,FR,bronze
cust_3312,US,bronze
cust_3313,US,bronze
cust_3314,CA,bronze
cust_3315,DE,bronze
cust_3316,DE,silver
cust_3317,IN,silver
cust_3318,FR,bronze
cust_3319,US,bronze
cust_3320,US,silver
cust_3321,IN,bronze
cust_3322,FR,bronze
cust_3323,CA,bronze
cust_3324,UK,silver
cust_3325,UK,bronze
cust_3326,DE,silver
cust_3327,UK,silver
cust_3328,FR,bronze
cust_3329,FR,bronze
cust_3330,US,bronze
cust_3331,CA,gold
cust_3332,DE,bronze
cust_3333,UK,bronze
cust_3334,IN,silver
cust_3335,CA,silver
cust_3336,UK,bronze
cust_3337,US,bronze
cust_3338,FR,bronze
cust_3339,FR,silver
cust_3340,DE,silver
cust_3341,FR,bronze
cust_3342,US,silver
cust_3343,DE,bronze
cust_3344,IN,bronze
cust_3345,US,silver
cust_3346,DE,silver
cust_3347,IN,bronze
cust_3348,US,bronze
cust_3349,DE,bronze
cust_3350,US,gold
cust_3351,CA,gold
cust_3352,DE,bronze
cust_3353,CA,bronze
cust_3354,US,bronze
cust_3355,CA,bronze
cust_3356,US,gold
cust_3357,IN,silver
cust_3358,FR,bronze
cust_3359,FR,bronze
cust_3360,CA,bronze
cust_3361,UK,bronze
cust_3362,US,bronze
cust_3363,US,silver
cust_3364,UK,bronze
cust_3365,CA,silver
cust_3366,IN,bronze
cust_3367,CA,bronze
cust_3368,US,silver
cust_3369,DE,bronze
cust_3370,FR,bronze
cust_3371,DE,bronze
cust_3372,US,silver
cust_3373,UK,silver
cust_3374,UK,silver
cust_3375,FR,bronze
cust_3376,IN,bronze
cust_3377,US,bronze
cust_3378,US,gold
cust_3379,FR,bronze
cust_3380,DE,silver
cust_3381,FR,silver
cust_3382,CA,bronze
cust_3383,UK,bronze
cust_3384,IN,gold
cust_3385,US,silver
cust_3386,DE,silver
cust_3387,IN,bronze
cust_3388,IN,bronze
cust_3389,IN,bronze
cust_3390,FR,gold
cust_3391,CA,gold
cust_3392,IN,bronze
cust_3393,IN,bronze
cust_3394,IN,silver
cust_3395,DE,bronze
cust_3396,DE,bronze
cust_3397,DE,bronze
cust_3398,CA,bronze
cust_3399,UK,bronze
cust_3400,IN,bronze
cust_3401,FR,bronze
cust_3402,CA,bronze
cust_3403,US,gold
cust_3404,US,bronze
cust_3405,CA,bronze
cust_3406,DE,bronze
cust_3407,FR,gold
cust_3408,UK,gold
cust_3409,FR,silver
cust_3410,DE,silver
cust_3411,US,bronze
cust_3412,DE,bronze
cust_3413,CA,bronze
cust_3414,US,silver
cust_3415,DE,bronze
cust_3416,DE,bronze
cust_3417,US,silver
cust_3418,FR,bronze
cust_3419,US,bronze
cust_3420,CA,silver
cust_3421,DE,bronze
cust_3422,FR,bronze
cust_3423,CA,silver
cust_3424,US,bronze
cust_3425,CA,gold
cust_3426,CA,silver
cust_3427,UK,silver
cust_3428,UK,bronze
cust_3429,DE,bronze
cust_3430,IN,bronze
cust_3431,FR,bronze
cust_3432,CA,bronze
cust_3433,UK,bronze
cust_3434,DE,bronze
cust_3435,IN,bronze
cust_3436,DE,bronze
cust_3437,UK,bronze
cust_3438,IN,silver
cust_3439,FR,bronze
cust_3440,US,bronze
cust_3441,UK,bronze
cust_3442,DE,bronze
cust_3443,US,bronze
cust_3444,UK,bronze
cust_3445,FR,silver
cust_3446,IN,silver
cust_3447,UK,silver
cust_3448,IN,silver
cust_3449,UK,gold
cust_3450,CA,silver
cust_3451,US,bronze
cust_3452,FR,bronze
cust_3453,CA,bronze
cust_3454,IN,bronze
cust_3455,CA,silver
cust_3456,US,silver
cust_3457,FR,bronze
cust_3458,US,silver
cust_3459,FR,bronze
cust_3460,UK,bronze
cust_3461,UK,silver
cust_3462,UK,silver
cust_3463,IN,gold
cust_3464,IN,gold
cust_3465,FR,bronze
cust_3466,DE,silver
cust_3467,CA,bronze
cust_3468,US,silver
cust_3469,IN,silver
cust_3470,CA,silver
cust_3471,UK,silver
cust_3472,IN,bronze
cust_3473,IN,bronze
cust_3474,FR,bronze
cust_3475,DE,bronze
cust_3476,IN,gold
cust_3477,UK,silver
cust_3478,CA,bronze
cust_3479,CA,bronze
cust_3480,FR,silver
cust_3481,FR,bronze
cust_3482,US,silver
cust_3483,CA,bronze
cust_3484,CA,bronze
cust_3485,FR,silver
cust_3486,UK,silver
cust_3487,CA,bronze
cust_3488,IN,bronze
cust_3489,IN,silver
cust_3490,DE,bronze
cust_3491,US,bronze
cust_3492,IN,silver
cust_3493,UK,silver
cust_3494,IN,silver
cust_3495,UK,bronze
cust_3496,US,bronze
cust_3497,UK,silver
cust_3498,CA,bronze
cust_3499,FR,bronze
cust_3500,US,silver
cust_3501,DE,silver
cust_3502,UK,bronze
cust_3503,UK,bronze
cust_3504,IN,silver
cust_3505,FR,silver
cust_3506,CA,bronze
cust_3507,US,bronze
cust_3508,DE,bronze
cust_3509,UK,bronze
cust_3510,US,gold
cust_3511,DE,silver
cust_3512,IN,bronze
cust_3513,UK,silver
cust_3514,IN,silver
cust_3515,DE,bronze
cust_3516,IN,bronze
cust_3517,UK,silver
cust_3518,DE,bronze
cust_3519,FR,bronze
cust_3520,US,gold
cust_3521,US,gold
cust_3522,DE,bronze
cust_3523,US,bronze
cust_3524,US,bronze
cust_3525,CA,bronze
cust_3526,CA,bronze
cust_3527,IN,silver
cust_3528,CA,bronze
cust_3529,FR,bronze
cust_3530,CA,bronze
cust_3531,FR,gold
cust_3532,IN,bronze
cust_3533,DE,bronze
cust_3534,DE,silver
cust_3535,UK,bronze
cust_3536,FR,gold
cust_3537,UK,bronze
cust_3538,DE,bronze
cust_3539,IN,bronze
cust_3540,US,bronze
cust_3541,US,silver
cust_3542,IN,silver
cust_3543,DE,silver
cust_3544,DE,bronze
cust_3545,DE,silver
cust_3546,US,bronze
cust_3547,IN,silver
cust_3548,FR,bronze
cust_3549,IN,silver
cust_3550,DE,bronze
cust_3551,DE,silver
cust_3552,DE,bronze
cust_3553,CA,gold
cust_3554,IN,silver
cust_3555,US,bronze
cust_3556,IN,bronze
cust_3557,FR,bronze
cust_3558,DE,bronze
cust_3559,FR,bronze
cust_3560,DE,bronze
cust_3561,FR,gold
cust_3562,DE,bronze
cust_3563,UK,bronze
cust_3564,FR,bronze
cust_3565,IN,silver
cust_3566,CA,silver
cust_3567,CA,bronze
cust_3568,UK,bronze
cust_3569,UK,bronze
cust_3570,IN,bronze
cust_3571,US,bronze
cust_3572,US,silver
cust_3573,US,bronze
cust_3574,FR,bronze
cust_3575,FR,bronze
cust_3576,IN,silver
cust_3577,CA,bronze
cust_3578,DE,silver
cust_3579,CA,bronze
cust_3580,US,bronze
cust_3581,US,bronze
cust_3582,FR,gold
cust_3583,UK,bronze
cust_3584,FR,bronze
cust_3585,FR,bronze
cust_3586,US,bronze
cust_3587,FR,silver
cust_3588,IN,bronze
cust_3589,DE,bronze
cust_3590,UK,bronze
cust_3591,US,bronze
cust_3592,CA,bronze
cust_3593,US,bronze
cust_3594,DE,silver
cust_3595,IN,bronze
cust_3596,UK,bronze
cust_3597,US,bronze
cust_3598,DE,bronze
cust_3599,FR,bronze
cust_3600,DE,bronze
cust_3601,UK,silver
cust_3602,DE,bronze
cust_3603,FR,bronze
cust_3604,FR,bronze
cust_3605,IN,silver
cust_3606,UK,silver
cust_3607,FR,silver
cust_3608,FR,bronze
cust_3609,US,silver
cust_3610,CA,silver
cust_3611,IN,silver
cust_3612,FR,bronze
cust_3613,CA,silver
cust_3614,US,silver
cust_3615,US,bronze
cust_3616,CA,bronze
cust_3617,US,silver
cust_3618,UK,silver
cust_3619,DE,bronze
cust_3620,IN,bronze
cust_3621,FR,bronze
cust_3622,CA,silver
cust_3623,IN,gold
cust_3624,FR,bronze
cust_3625,CA,bronze
cust_3626,UK,bronze
cust_3627,UK,bronze
cust_3628,DE,bronze
cust_3629,DE,silver
cust_3630,IN,bronze
cust_3631,CA,bronze
cust_3632,FR,silver
cust_3633,FR,bronze
cust_3634,US,bronze
cust_3635,IN,bronze
cust_3636,IN,bronze
cust_3637,IN,silver
cust_3638,IN,silver
cust_3639,UK,bronze
cust_3640,DE,bronze
cust_3641,CA,silver
cust_3642,UK,bronze
cust_3643,US,bronze
cust_3644,UK,silver
cust_3645,CA,gold
cust_3646,IN,silver
cust_3647,IN,bronze
cust_3648,FR,bronze
cust_3649,DE,bronze
cust_3650,UK,bronze
cust_3651,DE,bronze
cust_3652,US,bronze
cust_3653,DE,bronze
cust_3654,DE,bronze
cust_3655,DE,bronze
cust_3656,FR,silver
cust_3657,US,silver
cust_3658,IN,silver
cust_3659,IN,silver
cust_3660,UK,bronze
cust_3661,FR,silver
cust_3662,FR,bronze
cust_3663,IN,silver
cust_3664,CA,bronze
cust_3665,CA,bronze
cust_3666,UK,gold
cust_3667,CA,bronze
cust_3668,US,silver
cust_3669,CA,gold
cust_3670,UK,bronze
cust_3671,IN,gold
cust_3672,UK,silver
cust_3673,IN,silver
cust_3674,FR,bronze
cust_3675,DE,bronze
cust_3676,DE,silver
cust_3677,FR,bronze
cust_3678,UK,bronze
cust_3679,CA,bronze
cust_3680,CA,bronze
cust_3681,UK,silver
cust_3682,US,gold
cust_3683,US,bronze
cust_3684,US,bronze
cust_3685,IN,bronze
cust_3686,FR,silver
cust_3687,UK,silver
cust_3688,US,gold
cust_3689,DE,bronze
cust_3690,IN,silver
cust_3691,US,silver
cust_3692,IN,silver
cust_3693,CA,gold
cust_3694,CA,bronze
cust_3695,IN,bronze
cust_3696,UK,gold
cust_3697,IN,gold
cust_3698,UK,silver
cust_3699,DE,bronze
cust_3700,DE,bronze
cust_3701,DE,silver
cust_3702,FR,silver
cust_3703,US,bronze
cust_3704,CA,bronze
cust_3705,UK,silver
cust_3706,UK,silver
cust_3707,FR,bronze
cust_3708,IN,bronze
cust_3709,UK,silver
cust_3710,FR,gold
cust_3711,CA,bronze
cust_3712,UK,silver
cust_3713,FR,bronze
cust_3714,IN,silver
cust_3715,UK,bronze
cust_3716,CA,silver
cust_3717,CA,silver
cust_3718,FR,silver
cust_3719,IN,bronze
cust_3720,FR,bronze
cust_3721,US,bronze
cust_3722,DE,bronze
cust_3723,FR,bronze
cust_3724,CA,bronze
cust_3725,CA,bronze
cust_3726,IN,silver
cust_3727,DE,bronze
cust_3728,US,silver
cust_3729,UK,bronze
cust_3730,US,bronze
cust_3731,IN,bronze
cust_3732,IN,bronze
cust_3733,DE,silver
cust_3734,FR,bronze
cust_3735,FR,bronze
cust_3736,CA,bronze
cust_3737,IN,gold
cust_3738,CA,bronze
cust_3739,FR,bronze
cust_3740,DE,bronze
cust_3741,IN,bronze
cust_3742,CA,gold
cust_3743,UK,bronze
cust_3744,CA,bronze
cust_3745,CA,bronze
cust_3746,DE,bronze
cust_3747,FR,bronze
cust_3748,UK,silver
cust_3749,CA,bronze
cust_3750,UK,silver
cust_3751,US,bronze
cust_3752,FR,bronze
cust_3753,FR,bronze
cust_3754,UK,gold
cust_3755,IN,gold
cust_3756,DE,bronze
cust_3757,US,bronze
cust_3758,CA,bronze
cust_3759,IN,silver
cust_3760,FR,bronze
cust_3761,DE,bronze
cust_3762,US,bronze
cust_3763,IN,silver
cust_3764,DE,bronze
cust_3765,UK,bronze
cust_3766,IN,bronze
cust_3767,FR,bronze
cust_3768,CA,bronze
cust_3769,US,silver
cust_3770,CA,bronze
cust_3771,CA,bronze
cust_3772,CA,silver
cust_3773,IN,bronze
cust_3774,DE,silver
cust_3775,DE,bronze
cust_3776,FR,bronze
cust_3777,DE,silver
cust_3778,CA,gold
cust_3779,FR,bronze
cust_3780,FR,bronze
cust_3781,IN,silver
cust_3782,IN,silver
cust_3783,FR,bronze
cust_3784,US,bronze
cust_3785,DE,gold
cust_3786,DE,bronze
cust_3787,UK,bronze
cust_3788,FR,silver
cust_3789,FR,bronze
cust_3790,IN,bronze
cust_3791,CA,silver
cust_3792,UK,bronze
cust_3793,CA,bronze
cust_3794,IN,bronze
cust_3795,US,silver
cust_3796,UK,bronze
cust_3797,FR,bronze
cust_3798,UK,bronze
cust_3799,UK,bronze
cust_3800,US,silver
cust_3801,US,bronze
cust_3802,CA,gold
cust_3803,UK,silver
cust_3804,CA,gold
cust_3805,US,bronze
cust_3806,DE,bronze
cust_3807,UK,bronze
cust_3808,FR,silver
cust_3809,IN,bronze
cust_3810,UK,silver
cust_3811,IN,bronze
cust_3812,FR,bronze
cust_3813,CA,bronze
cust_3814,CA,gold
cust_3815,DE,silver
cust_3816,US,bronze
cust_3817,DE,bronze
cust_3818,DE,bronze
cust_3819,CA,gold
cust_3820,CA,silver
cust_3821,IN,silver
cust_3822,FR,bronze
cust_3823,FR,bronze
cust_3824,UK,bronze
cust_3825,UK,bronze
cust_3826,DE,bronze
cust_3827,US,silver
cust_3828,UK,bronze
cust_3829,US,silver
cust_3830,DE,bronze
cust_3831,US,bronze
cust_3832,FR,silver
cust_3833,UK,silver
cust_3834,UK,silver
cust_3835,US,bronze
cust_3836,US,silver
cust_3837,IN,bronze
cust_3838,CA,bronze
cust_3839,DE,bronze
cust_3840,CA,silver
cust_3841,US,bronze
cust_3842,FR,bronze
cust_3843,CA,bronze
cust_3844,US,bronze
cust_3845,CA,silver
cust_3846,DE,bronze
cust_3847,UK,silver
cust_3848,FR,silver
cust_3849,CA,silver
cust_3850,DE,bronze
cust_3851,FR,bronze
cust_3852,IN,bronze
cust_3853,DE,silver
cust_3854,IN,bronze
cust_3855,US,bronze
cust_3856,US,gold
cust_3857,UK,bronze
cust_3858,DE,bronze
cust_3859,CA,bronze
cust_3860,CA,bronze
cust_3861,DE,bronze
cust_3862,FR,bronze
cust_3863,CA,bronze
cust_3864,CA,bronze
cust_3865,FR,gold
cust_3866,DE,silver
cust_3867,FR,bronze
cust_3868,FR,silver
cust_3869,FR,bronze
cust_3870,CA,bronze
cust_3871,CA,bronze
cust_3872,US,silver
cust_3873,DE,bronze
cust_3874,CA,silver
cust_3875,CA,silver
cust_3876,US,bronze
cust_3877,FR,bronze
cust_3878,DE,silver
cust_3879,CA,silver
cust_3880,FR,silver
cust_3881,US,bronze
cust_3882,DE,bronze
cust_3883,US,bronze
cust_3884,US,bronze
cust_3885,UK,bronze
cust_3886,IN,gold
cust_3887,DE,silver
cust_3888,FR,bronze
cust_3889,FR,silver
cust_3890,DE,silver
cust_3891,UK,bronze
cust_3892,UK,bronze
cust_3893,DE,bronze
cust_3894,UK,gold
cust_3895,FR,bronze
cust_3896,DE,silver
cust_3897,IN,bronze
cust_3898,FR,bronze
cust_3899,IN,bronze
cust_3900,US,bronze
cust_3901,IN,bronze
cust_3902,FR,silver
cust_3903,IN,silver
cust_3904,CA,bronze
cust_3905,CA,silver
cust_3906,UK,silver
cust_3907,DE,bronze
cust_3908,IN,bronze
cust_3909,CA,bronze
cust_3910,DE,silver
cust_3911,DE,bronze
cust_3912,FR,bronze
cust_3913,IN,bronze
cust_3914,US,bronze
cust_3915,US,gold
cust_3916,UK,silver
cust_3917,CA,silver
cust_3918,US,bronze
cust_3919,US,bronze
cust_3920,CA,gold
cust_3921,UK,bronze
cust_3922,CA,bronze
cust_3923,UK,bronze
cust_3924,FR,bronze
cust_3925,FR,bronze
cust_3926,FR,bronze
cust_3927,IN,bronze
cust_3928,US,bronze
cust_3929,IN,gold
cust_3930,CA,bronze
cust_3931,CA,bronze
cust_3932,US,silver
cust_3933,CA,bronze
cust_3934,US,bronze
cust_3935,CA,bronze
cust_3936,DE,silver
cust_3937,DE,silver
cust_3938,UK,bronze
cust_3939,CA,bronze
cust_3940,FR,bronze
cust_3941,FR,bronze
cust_3942,FR,bronze
cust_3943,US,bronze
cust_3944,CA,bronze
cust_3945,CA,bronze
cust_3946,FR,bronze
cust_3947,IN,bronze
cust_3948,DE,silver
cust_3949,IN,bronze
cust_3950,UK,bronze
cust_3951,IN,bronze
cust_3952,DE,bronze
cust_3953,DE,silver
cust_3954,DE,bronze
cust_3955,US,bronze
cust_3956,FR,silver
cust_3957,FR,bronze
cust_3958,UK,bronze
cust_3959,US,silver
cust_3960,IN,bronze
cust_3961,UK,silver
cust_3962,FR,silver
cust_3963,CA,bronze
cust_3964,UK,bronze
cust_3965,US,bronze
cust_3966,FR,bronze
cust_3967,FR,bronze
cust_3968,DE,bronze
cust_3969,CA,silver
cust_3970,FR,bronze
cust_3971,US,bronze
cust_3972,UK,silver
cust_3973,FR,bronze
cust_3974,CA,bronze
cust_3975,CA,bronze
cust_3976,US,bronze
cust_3977,US,bronze
cust_3978,US,bronze
cust_3979,FR,gold
cust_3980,DE,bronze
cust_3981,CA,silver
cust_3982,DE,bronze
cust_3983,UK,silver
cust_3984,UK,gold
cust_3985,DE,bronze
cust_3986,DE,bronze
cust_3987,CA,bronze
cust_3988,DE,bronze
cust_3989,US,silver
cust_3990,US,silver
cust_3991,FR,bronze
cust_3992,FR,bronze
cust_3993,UK,bronze
cust_3994,IN,gold
cust_3995,US,bronze
cust_3996,CA,bronze
cust_3997,FR,silver
cust_3998,CA,gold
cust_3999,CA,silver
cust_4000,US,bronze
cust_4001,US,bronze
cust_4002,US,silver
cust_4003,DE,bronze
cust_4004,UK,bronze
cust_4005,FR,silver
cust_4006,DE,silver
cust_4007,UK,silver
cust_4008,FR,silver
cust_4009,IN,bronze
cust_4010,IN,bronze
cust_4011,DE,silver
cust_4012,US,bronze
cust_4013,US,silver
cust_4014,IN,bronze
cust_4015,IN,silver
cust_4016,CA,gold
cust_4017,IN,bronze
cust_4018,UK,silver
cust_4019,FR,bronze
cust_4020,FR,bronze
cust_4021,DE,bronze
cust_4022,IN,bronze
cust_4023,CA,gold
cust_4024,FR,bronze
cust_4025,FR,gold
cust_4026,US,bronze
cust_4027,DE,silver
cust_4028,DE,silver
cust_4029,DE,gold
cust_4030,US,silver
cust_4031,UK,bronze
cust_4032,CA,bronze
cust_4033,CA,bronze
cust_4034,FR,bronze
cust_4035,CA,bronze
cust_4036,FR,bronze
cust_4037,DE,bronze
cust_4038,IN,silver
cust_4039,IN,bronze
cust_4040,CA,bronze
cust_4041,DE,bronze
cust_4042,US,bronze
cust_4043,DE,silver
cust_4044,US,bronze
cust_4045,UK,bronze
cust_4046,CA,bronze
cust_4047,UK,bronze
cust_4048,FR,bronze
cust_4049,US,bronze
cust_4050,IN,bronze
cust_4051,FR,silver
cust_4052,CA,bronze
cust_4053,IN,bronze
cust_4054,IN,silver
cust_4055,US,gold
cust_4056,IN,gold
cust_4057,UK,bronze
cust_4058,FR,bronze
cust_4059,IN,bronze
cust_4060,CA,gold
cust_4061,DE,bronze
cust_4062,US,bronze
cust_4063,IN,silver
cust_4064,DE,silver
cust_4065,UK,bronze
cust_4066,FR,bronze
cust_4067,US,bronze
cust_4068,DE,bronze
cust_4069,CA,bronze
cust_4070,IN,gold
cust_4071,IN,gold
cust_4072,IN,bronze
cust_4073,DE,silver
cust_4074,IN,bronze
cust_4075,IN,silver
cust_4076,IN,bronze
cust_4077,DE,silver
cust_4078,FR,bronze
cust_4079,FR,bronze
cust_4080,CA,silver
cust_4081,CA,bronze
cust_4082,UK,silver
cust_4083,CA,bronze
cust_4084,DE,silver
cust_4085,FR,silver
cust_4086,UK,silver
cust_4087,UK,bronze
cust_4088,CA,silver
cust_4089,US,bronze
cust_4090,UK,bronze
cust_4091,CA,bronze
cust_4092,UK,bronze
cust_4093,FR,bronze
cust_4094,DE,gold
cust_4095,FR,silver
cust_4096,US,bronze
cust_4097,IN,bronze
cust_4098,DE,bronze
cust_4099,FR,silver
cust_4100,IN,bronze
cust_4101,CA,bronze
cust_4102,CA,gold
cust_4103,IN,bronze
cust_4104,CA,silver
cust_4105,DE,bronze
cust_4106,FR,bronze
cust_4107,FR,silver
cust_4108,IN,gold
cust_4109,US,silver
cust_4110,CA,bronze
cust_4111,IN,bronze
cust_4112,US,bronze
cust_4113,US,gold
cust_4114,CA,bronze
cust_4115,FR,silver
cust_4116,UK,bronze
cust_4117,DE,bronze
cust_4118,FR,silver
cust_4119,US,silver
cust_4120,DE,bronze
cust_4121,IN,bronze
cust_4122,IN,silver
cust_4123,UK,bronze
cust_4124,UK,silver
cust_4125,DE,silver
cust_4126,FR,bronze
cust_4127,DE,silver
cust_4128,US,silver
cust_4129,FR,bronze
cust_4130,IN,silver
cust_4131,CA,bronze
cust_4132,US,bronze
cust_4133,FR,silver
cust_4134,IN,silver
cust_4135,UK,silver
cust_4136,IN,bronze
cust_4137,US,bronze
cust_4138,FR,bronze
cust_4139,FR,bronze
cust_4140,IN,bronze
cust_4141,IN,bronze
cust_4142,FR,gold
cust_4143,FR,silver
cust_4144,FR,bronze
cust_4145,US,silver
cust_4146,US,bronze
cust_4147,CA,bronze
cust_4148,DE,gold
cust_4149,US,silver
cust_4150,CA,bronze
cust_4151,US,bronze
cust_4152,UK,gold
cust_4153,IN,bronze
cust_4154,IN,bronze
cust_4155,IN,bronze
cust_4156,UK,bronze
cust_4157,FR,bronze
cust_4158,DE,silver
cust_4159,CA,bronze
cust_4160,IN,silver
cust_4161,FR,gold
cust_4162,US,bronze
cust_4163,CA,bronze
cust_4164,DE,bronze
cust_4165,US,bronze
cust_4166,DE,bronze
cust_4167,CA,bronze
cust_4168,CA,bronze
cust_4169,CA,bronze
cust_4170,FR,bronze
cust_4171,US,bronze
cust_4172,US,bronze
cust_4173,IN,silver
cust_4174,FR,gold
cust_4175,IN,bronze
cust_4176,UK,bronze
cust_4177,IN,bronze
cust_4178,US,silver
cust_4179,DE,bronze
cust_4180,IN,bronze
cust_4181,FR,bronze
cust_4182,UK,silver
cust_4183,IN,silver
cust_4184,IN,gold
cust_4185,FR,silver
cust_4186,DE,bronze
cust_4187,FR,silver
cust_4188,US,silver
cust_4189,UK,bronze
cust_4190,DE,bronze
cust_4191,US,silver
cust_4192,IN,bronze
cust_4193,FR,silver
cust_4194,DE,silver
cust_4195,US,bronze
cust_4196,CA,silver
cust_4197,US,bronze
cust_4198,CA,bronze
cust_4199,DE,bronze
cust_4200,IN,bronze
cust_4201,FR,bronze
cust_4202,FR,silver
cust_4203,CA,bronze
cust_4204,CA,bronze
cust_4205,US,silver
cust_4206,US,bronze
cust_4207,FR,silver
cust_4208,US,bronze
cust_4209,DE,silver
cust_4210,FR,bronze
cust_4211,FR,bronze
cust_4212,UK,bronze
cust_4213,DE,bronze
cust_4214,FR,silver
cust_4215,IN,silver
cust_4216,CA,bronze
cust_4217,US,bronze
cust_4218,UK,bronze
cust_4219,UK,silver
cust_4220,IN,bronze
cust_4221,DE,bronze
cust_4222,FR,bronze
cust_4223,CA,silver
cust_4224,US,bronze
cust_4225,FR,bronze
cust_4226,CA,silver
cust_4227,CA,bronze
cust_4228,CA,bronze
cust_4229,US,bronze
cust_4230,US,bronze
cust_4231,US,bronze
cust_4232,IN,gold
cust_4233,IN,silver
cust_4234,IN,gold
cust_4235,UK,silver
cust_4236,IN,bronze
cust_4237,DE,bronze
cust_4238,CA,gold
cust_4239,CA,silver
cust_4240,CA,bronze
cust_4241,DE,silver
cust_4242,US,silver
cust_4243,UK,silver
cust_4244,CA,bronze
cust_4245,DE,bronze
cust_4246,IN,bronze
cust_4247,DE,bronze
cust_4248,CA,bronze
cust_4249,CA,bronze
cust_4250,DE,bronze
cust_4251,DE,silver
cust_4252,UK,silver
cust_4253,IN,silver
cust_4254,CA,bronze
cust_4255,US,bronze
cust_4256,US,gold
cust_4257,UK,silver
cust_4258,UK,bronze
cust_4259,CA,bronze
cust_4260,FR,bronze
cust_4261,UK,bronze
cust_4262,CA,silver
cust_4263,IN,bronze
cust_4264,DE,bronze
cust_4265,UK,bronze
cust_4266,UK,silver
cust_4267,FR,bronze
cust_4268,UK,bronze
cust_4269,DE,silver
cust_4270,CA,bronze
cust_4271,DE,bronze
cust_4272,UK,bronze
cust_4273,UK,silver
cust_4274,DE,silver
cust_4275,US,silver
cust_4276,IN,bronze
cust_4277,FR,silver
cust_4278,DE,silver
cust_4279,IN,silver
cust_4280,IN,bronze
cust_4281,FR,bronze
cust_4282,UK,bronze
cust_4283,CA,bronze
cust_4284,UK,silver
cust_4285,DE,bronze
cust_4286,DE,silver
cust_4287,IN,bronze
cust_4288,UK,bronze
cust_4289,FR,bronze
cust_4290,DE,gold
cust_4291,FR,bronze
cust_4292,DE,silver
cust_4293,US,bronze
cust_4294,DE,bronze
cust_4295,FR,gold
cust_4296,CA,silver
cust_4297,US,bronze
cust_4298,UK,bronze
cust_4299,FR,bronze
cust_4300,DE,bronze
cust_4301,US,silver
cust_4302,IN,bronze
cust_4303,DE,silver
cust_4304,UK,silver
cust_4305,DE,bronze
cust_4306,US,bronze
cust_4307,CA,silver
cust_4308,DE,bronze
cust_4309,CA,bronze
cust_4310,DE,bronze
cust_4311,IN,bronze
cust_4312,DE,bronze
cust_4313,UK,bronze
cust_4314,CA,bronze
cust_4315,IN,gold
cust_4316,CA,silver
cust_4317,UK,bronze
cust_4318,UK,silver
cust_4319,CA,gold
cust_4320,UK,bronze
cust_4321,IN,silver
cust_4322,DE,bronze
cust_4323,FR,silver
cust_4324,US,silver
cust_4325,CA,bronze
cust_4326,US,silver
cust_4327,FR,bronze
cust_4328,CA,bronze
cust_4329,IN,gold
cust_4330,DE,bronze
cust_4331,DE,bronze
cust_4332,CA,silver
cust_4333,US,silver
cust_4334,FR,silver
cust_4335,DE,bronze
cust_4336,CA,silver
cust_4337,IN,silver
cust_4338,DE,bronze
cust_4339,IN,bronze
cust_4340,CA,bronze
cust_4341,UK,bronze
cust_4342,CA,bronze
cust_4343,FR,gold
cust_4344,IN,silver
cust_4345,IN,bronze
cust_4346,CA,silver
cust_4347,IN,bronze
cust_4348,CA,bronze
cust_4349,CA,gold
cust_4350,DE,silver
cust_4351,UK,bronze
cust_4352,FR,bronze
cust_4353,UK,gold
cust_4354,US,gold
cust_4355,UK,silver
cust_4356,CA,bronze
cust_4357,US,silver
cust_4358,DE,bronze
cust_4359,CA,silver
cust_4360,UK,bronze
cust_4361,FR,bronze
cust_4362,UK,silver
cust_4363,DE,bronze
cust_4364,DE,bronze
cust_4365,US,bronze
cust_4366,IN,silver
cust_4367,FR,silver
cust_4368,FR,bronze
cust_4369,FR,silver
cust_4370,IN,bronze
cust_4371,IN,bronze
cust_4372,CA,gold
cust_4373,CA,bronze
cust_4374,US,gold
cust_4375,US,bronze
cust_4376,IN,gold
cust_4377,US,bronze
cust_4378,FR,bronze
cust_4379,US,gold
cust_4380,IN,silver
cust_4381,FR,silver
cust_4382,UK,bronze
cust_4383,DE,bronze
cust_4384,DE,bronze
cust_4385,CA,bronze
cust_4386,UK,bronze
cust_4387,IN,bronze
cust_4388,UK,bronze
cust_4389,DE,bronze
cust_4390,UK,silver
cust_4391,UK,bronze
cust_4392,DE,bronze
cust_4393,US,bronze
cust_4394,FR,bronze
cust_4395,DE,bronze
cust_4396,CA,gold
cust_4397,CA,bronze
cust_4398,IN,bronze
cust_4399,UK,silver
cust_4400,CA,bronze
cust_4401,IN,silver
cust_4402,CA,bronze
cust_4403,DE,gold
cust_4404,US,bronze
cust_4405,UK,silver
cust_4406,DE,silver
cust_4407,CA,bronze
cust_4408,DE,silver
cust_4409,FR,bronze
cust_4410,IN,gold
cust_4411,CA,bronze
cust_4412,US,bronze
cust_4413,US,silver
cust_4414,UK,silver
cust_4415,FR,bronze
cust_4416,FR,silver
cust_4417,UK,bronze
cust_4418,US,bronze
cust_4419,US,silver
cust_4420,FR,bronze
cust_4421,CA,bronze
cust_4422,DE,bronze
cust_4423,FR,bronze
cust_4424,CA,silver
cust_4425,DE,silver
cust_4426,DE,bronze
cust_4427,US,silver
cust_4428,CA,silver
cust_4429,UK,bronze
cust_4430,FR,silver
cust_4431,FR,silver
cust_4432,IN,bronze
cust_4433,DE,bronze
cust_4434,CA,bronze
cust_4435,FR,gold
cust_4436,IN,bronze
cust_4437,DE,silver
cust_4438,FR,silver
cust_4439,IN,bronze
cust_4440,UK,silver
cust_4441,DE,bronze
cust_4442,US,gold
cust_4443,UK,silver
cust_4444,DE,bronze
cust_4445,US,silver
cust_4446,CA,bronze
cust_4447,IN,bronze
cust_4448,CA,bronze
cust_4449,UK,silver
cust_4450,IN,bronze
cust_4451,DE,bronze
cust_4452,US,bronze
cust_4453,DE,silver
cust_4454,US,bronze
cust_4455,US,silver
cust_4456,US,bronze
cust_4457,UK,gold
cust_4458,IN,bronze
cust_4459,UK,silver
cust_4460,DE,silver
cust_4461,IN,bronze
cust_4462,UK,bronze
cust_4463,DE,bronze
cust_4464,UK,bronze
cust_4465,CA,bronze
cust_4466,US,bronze
cust_4467,US,silver
cust_4468,FR,silver
cust_4469,US,bronze
cust_4470,DE,bronze
cust_4471,DE,bronze
cust_4472,DE,bronze
cust_4473,DE,silver
cust_4474,CA,bronze
cust_4475,CA,bronze
cust_4476,FR,silver
cust_4477,CA,silver
cust_4478,CA,bronze
cust_4479,US,bronze
cust_4480,FR,bronze
cust_4481,DE,bronze
cust_4482,IN,gold
cust_4483,DE,bronze
cust_4484,UK,silver
cust_4485,US,silver
cust_4486,US,gold
cust_4487,UK,bronze
cust_4488,DE,bronze
cust_4489,CA,gold
cust_4490,US,bronze
cust_4491,DE,bronze
cust_4492,UK,gold
cust_4493,US,silver
cust_4494,DE,gold
cust_4495,UK,bronze
cust_4496,IN,bronze
cust_4497,UK,bronze
cust_4498,UK,silver
cust_4499,US,silver
cust_4500,US,bronze
cust_4501,IN,bronze
cust_4502,CA,gold
cust_4503,DE,bronze
cust_4504,DE,silver
cust_4505,IN,silver
cust_4506,UK,silver
cust_4507,FR,gold
cust_4508,US,silver
cust_4509,US,silver
cust_4510,FR,bronze
cust_4511,FR,bronze
cust_4512,CA,bronze
cust_4513,DE,bronze
cust_4514,UK,silver
cust_4515,IN,bronze
cust_4516,FR,bronze
cust_4517,UK,bronze
cust_4518,IN,bronze
cust_4519,DE,bronze
cust_4520,CA,bronze
cust_4521,UK,bronze
cust_4522,UK,bronze
cust_4523,DE,bronze
cust_4524,IN,bronze
cust_4525,IN,bronze
cust_4526,DE,gold
cust_4527,US,bronze
cust_4528,IN,bronze
cust_4529,IN,bronze
cust_4530,FR,bronze
cust_4531,DE,bronze
cust_4532,DE,bronze
cust_4533,FR,bronze
cust_4534,US,silver
cust_4535,FR,silver
cust_4536,DE,bronze
cust_4537,IN,gold
cust_4538,DE,bronze
cust_4539,DE,bronze
cust_4540,CA,bronze
cust_4541,DE,bronze
cust_4542,FR,bronze
cust_4543,DE,silver
cust_4544,UK,bronze
cust_4545,UK,bronze
cust_4546,FR,gold
cust_4547,FR,silver
cust_4548,US,bronze
cust_4549,US,bronze
cust_4550,IN,silver
cust_4551,US,bronze
cust_4552,US,bronze
cust_4553,US,bronze
cust_4554,DE,bronze
cust_4555,FR,bronze
cust_4556,UK,gold
cust_4557,UK,bronze
cust_4558,UK,silver
cust_4559,US,bronze
cust_4560,FR,bronze
cust_4561,FR,bronze
cust_4562,UK,bronze
cust_4563,CA,bronze
cust_4564,UK,bronze
cust_4565,IN,silver
cust_4566,DE,silver
cust_4567,CA,bronze
cust_4568,UK,silver
cust_4569,DE,silver
cust_4570,FR,bronze
cust_4571,US,silver
cust_4572,DE,bronze
cust_4573,IN,bronze
cust_4574,IN,bronze
cust_4575,CA,bronze
cust_4576,FR,bronze
cust_4577,UK,bronze
cust_4578,UK,bronze
cust_4579,CA,silver
cust_4580,CA,bronze
cust_4581,UK,gold
cust_4582,IN,gold
cust_4583,US,bronze
cust_4584,CA,silver
cust_4585,IN,bronze
cust_4586,US,bronze
cust_4587,DE,bronze
cust_4588,UK,silver
cust_4589,DE,bronze
cust_4590,DE,silver
cust_4591,US,bronze
cust_4592,DE,bronze
cust_4593,DE,bronze
cust_4594,FR,bronze
cust_4595,US,bronze
cust_4596,IN,bronze
cust_4597,CA,silver
cust_4598,US,bronze
cust_4599,DE,bronze
cust_4600,DE,bronze
cust_4601,CA,bronze
cust_4602,IN,bronze
cust_4603,DE,bronze
cust_4604,US,silver
cust_4605,CA,bronze
cust_4606,UK,bronze
cust_4607,CA,bronze
cust_4608,UK,silver
cust_4609,US,bronze
cust_4610,IN,bronze
cust_4611,US,silver
cust_4612,FR,bronze
cust_4613,IN,silver
cust_4614,FR,bronze
cust_4615,CA,silver
cust_4616,UK,bronze
cust_4617,FR,bronze
cust_4618,CA,bronze
cust_4619,FR,silver
cust_4620,CA,bronze
cust_4621,US,silver
cust_4622,UK,gold
cust_4623,US,bronze
cust_4624,US,bronze
cust_4625,IN,bronze
cust_4626,US,bronze
cust_4627,IN,bronze
cust_4628,US,silver
cust_4629,UK,silver
cust_4630,FR,bronze
cust_4631,IN,gold
cust_4632,US,bronze
cust_4633,US,bronze
cust_4634,CA,bronze
cust_4635,IN,silver
cust_4636,IN,bronze
cust_4637,US,bronze
cust_4638,FR,bronze
cust_4639,CA,bronze
cust_4640,UK,bronze
cust_4641,FR,bronze
cust_4642,DE,bronze
cust_4643,FR,bronze
cust_4644,FR,silver
cust_4645,DE,bronze
cust_4646,IN,bronze
cust_4647,FR,bronze
cust_4648,CA,bronze
cust_4649,US,silver
cust_4650,IN,silver
cust_4651,DE,bronze
cust_4652,UK,bronze
cust_4653,FR,bronze
cust_4654,DE,silver
cust_4655,CA,gold
cust_4656,UK,bronze
cust_4657,IN,bronze
cust_4658,UK,silver
cust_4659,UK,bronze
cust_4660,DE,bronze
cust_4661,US,bronze
cust_4662,CA,bronze
cust_4663,CA,silver
cust_4664,US,gold
cust_4665,CA,gold
cust_4666,FR,silver
cust_4667,US,silver
cust_4668,IN,bronze
cust_4669,US,bronze
cust_4670,UK,silver
cust_4671,UK,bronze
cust_4672,IN,bronze
cust_4673,DE,bronze
cust_4674,US,bronze
cust_4675,CA,gold
cust_4676,UK,bronze
cust_4677,US,gold
cust_4678,CA,bronze
cust_4679,UK,silver
cust_4680,IN,bronze
cust_4681,CA,silver
cust_4682,CA,silver
cust_4683,IN,bronze
cust_4684,IN,silver
cust_4685,FR,gold
cust_4686,US,gold
cust_4687,CA,bronze
cust_4688,CA,bronze
cust_4689,UK,gold
cust_4690,IN,silver
cust_4691,IN,bronze
cust_4692,FR,bronze
cust_4693,US,bronze
cust_4694,IN,bronze
cust_4695,IN,bronze
cust_4696,UK,silver
cust_4697,US,bronze
cust_4698,UK,silver
cust_4699,DE,bronze
cust_4700,DE,bronze
cust_4701,IN,silver
cust_4702,UK,silver
cust_4703,IN,silver
cust_4704,DE,bronze
cust_4705,US,gold
cust_4706,IN,silver
cust_4707,DE,bronze
cust_4708,FR,bronze
cust_4709,US,silver
cust_4710,FR,silver
cust_4711,UK,silver
cust_4712,FR,bronze
cust_4713,CA,bronze
cust_4714,UK,bronze
cust_4715,UK,silver
cust_4716,UK,bronze
cust_4717,DE,bronze
cust_4718,FR,bronze
cust_4719,DE,bronze
cust_4720,FR,bronze
cust_4721,UK,silver
cust_4722,FR,bronze
cust_4723,US,bronze
cust_4724,IN,bronze
cust_4725,CA,silver
cust_4726,UK,bronze
cust_4727,DE,bronze
cust_4728,CA,bronze
cust_4729,US,silver
cust_4730,FR,gold
cust_4731,CA,bronze
cust_4732,IN,bronze
cust_4733,FR,bronze
cust_4734,US,gold
cust_4735,FR,bronze
cust_4736,FR,bronze
cust_4737,FR,bronze
cust_4738,DE,silver
cust_4739,IN,gold
cust_4740,CA,bronze
cust_4741,IN,silver
cust_4742,CA,bronze
cust_4743,IN,silver
cust_4744,DE,bronze
cust_4745,FR,bronze
cust_4746,CA,bronze
cust_4747,UK,bronze
cust_4748,IN,silver
cust_4749,UK,silver
cust_4750,IN,bronze
cust_4751,CA,gold
cust_4752,UK,bronze
cust_4753,UK,gold
cust_4754,IN,bronze
cust_4755,FR,silver
cust_4756,UK,silver
cust_4757,IN,bronze
cust_4758,UK,bronze
cust_4759,UK,silver
cust_4760,CA,bronze
cust_4761,DE,silver
cust_4762,IN,bronze
cust_4763,IN,silver
cust_4764,UK,bronze
cust_4765,CA,bronze
cust_4766,US,bronze
cust_4767,US,silver
cust_4768,FR,silver
cust_4769,US,bronze
cust_4770,DE,bronze
cust_4771,IN,bronze
cust_4772,US,bronze
cust_4773,UK,silver
cust_4774,US,gold
cust_4775,US,bronze
cust_4776,IN,bronze
cust_4777,CA,gold
cust_4778,UK,bronze
cust_4779,CA,gold
cust_4780,US,bronze
cust_4781,US,silver
cust_4782,FR,silver
cust_4783,IN,bronze
cust_4784,FR,gold
cust_4785,CA,bronze
cust_4786,CA,bronze
cust_4787,FR,bronze
cust_4788,DE,silver
cust_4789,CA,silver
cust_4790,US,bronze
cust_4791,DE,bronze
cust_4792,DE,bronze
cust_4793,US,bronze
cust_4794,IN,bronze
cust_4795,DE,bronze
cust_4796,UK,gold
cust_4797,US,gold
cust_4798,FR,silver
cust_4799,DE,silver
cust_4800,FR,bronze
cust_4801,DE,bronze
cust_4802,FR,bronze
cust_4803,IN,silver
cust_4804,DE,silver
cust_4805,DE,silver
cust_4806,CA,bronze
cust_4807,US,silver
cust_4808,DE,gold
cust_4809,IN,silver
cust_4810,UK,silver
cust_4811,US,bronze
cust_4812,US,bronze
cust_4813,FR,silver
cust_4814,IN,bronze
cust_4815,DE,bronze
cust_4816,CA,silver
cust_4817,FR,gold
cust_4818,CA,bronze
cust_4819,US,bronze
cust_4820,IN,bronze
cust_4821,CA,bronze
cust_4822,UK,bronze
cust_4823,UK,bronze
cust_4824,UK,gold
cust_4825,CA,gold
cust_4826,FR,gold
cust_4827,US,bronze
cust_4828,FR,bronze
cust_4829,US,bronze
cust_4830,CA,bronze
cust_4831,US,bronze
cust_4832,IN,bronze
cust_4833,FR,silver
cust_4834,DE,bronze
cust_4835,CA,bronze
cust_4836,DE,gold
cust_4837,FR,bronze
cust_4838,US,silver
cust_4839,FR,silver
cust_4840,FR,bronze
cust_4841,FR,bronze
cust_4842,UK,bronze
cust_4843,UK,bronze
cust_4844,CA,silver
cust_4845,UK,bronze
cust_4846,IN,bronze
cust_4847,US,bronze
cust_4848,CA,bronze
cust_4849,UK,silver
cust_4850,US,silver
cust_4851,CA,bronze
cust_4852,FR,gold
cust_4853,UK,bronze
cust_4854,UK,bronze
cust_4855,US,bronze
cust_4856,IN,silver
cust_4857,UK,gold
cust_4858,US,bronze
cust_4859,DE,silver
cust_4860,IN,bronze
cust_4861,US,bronze
cust_4862,IN,gold
cust_4863,US,bronze
cust_4864,CA,bronze
cust_4865,UK,bronze
cust_4866,US,bronze
cust_4867,UK,gold
cust_4868,UK,gold
cust_4869,US,bronze
cust_4870,FR,bronze
cust_4871,US,silver
cust_4872,CA,bronze
cust_4873,UK,gold
cust_4874,US,silver
cust_4875,US,bronze
cust_4876,FR,bronze
cust_4877,CA,bronze
cust_4878,IN,gold
cust_4879,UK,bronze
cust_4880,IN,bronze
cust_4881,IN,silver
cust_4882,CA,silver
cust_4883,IN,silver
cust_4884,CA,silver
cust_4885,FR,bronze
cust_4886,FR,bronze
cust_4887,IN,silver
cust_4888,CA,bronze
cust_4889,CA,gold
cust_4890,CA,bronze
cust_4891,UK,bronze
cust_4892,DE,bronze
cust_4893,DE,gold
cust_4894,FR,bronze
cust_4895,UK,silver
cust_4896,DE,gold
cust_4897,DE,bronze
cust_4898,DE,silver
cust_4899,DE,bronze
cust_4900,US,silver
cust_4901,UK,bronze
cust_4902,UK,bronze
cust_4903,UK,bronze
cust_4904,CA,bronze
cust_4905,UK,bronze
cust_4906,DE,bronze
cust_4907,DE,bronze
cust_4908,IN,silver
cust_4909,IN,silver
cust_4910,CA,bronze
cust_4911,DE,bronze
cust_4912,CA,bronze
cust_4913,DE,gold
cust_4914,CA,bronze
cust_4915,CA,silver
cust_4916,IN,gold
cust_4917,IN,bronze
cust_4918,UK,bronze
cust_4919,CA,silver
cust_4920,DE,silver
cust_4921,US,bronze
cust_4922,US,bronze
cust_4923,IN,silver
cust_4924,CA,bronze
cust_4925,FR,silver
cust_4926,FR,silver
cust_4927,CA,silver
cust_4928,UK,silver
cust_4929,UK,gold
cust_4930,FR,bronze
cust_4931,IN,bronze
cust_4932,US,silver
cust_4933,UK,bronze
cust_4934,IN,gold
cust_4935,IN,bronze
cust_4936,US,silver
cust_4937,CA,silver
cust_4938,DE,bronze
cust_4939,CA,bronze
cust_4940,IN,gold
cust_4941,DE,silver
cust_4942,IN,bronze
cust_4943,CA,bronze
cust_4944,FR,silver
cust_4945,CA,silver
cust_4946,DE,bronze
cust_4947,CA,bronze
cust_4948,CA,gold
cust_4949,DE,bronze
cust_4950,CA,bronze
cust_4951,DE,bronze
cust_4952,US,bronze
cust_4953,US,gold
cust_4954,FR,bronze
cust_4955,IN,silver
cust_4956,UK,bronze
cust_4957,DE,bronze
cust_4958,FR,silver
cust_4959,DE,silver
cust_4960,IN,bronze
cust_4961,DE,silver
cust_4962,UK,bronze
cust_4963,DE,bronze
cust_4964,IN,bronze
cust_4965,FR,silver
cust_4966,US,bronze
cust_4967,FR,bronze
cust_4968,IN,gold
cust_4969,UK,bronze
cust_4970,US,bronze
cust_4971,FR,bronze
cust_4972,IN,silver
cust_4973,CA,bronze
cust_4974,UK,silver
cust_4975,UK,bronze
cust_4976,UK,bronze
cust_4977,UK,gold
cust_4978,IN,bronze
cust_4979,DE,silver
cust_4980,IN,bronze
cust_4981,CA,bronze
cust_4982,IN,bronze
cust_4983,IN,bronze
cust_4984,UK,bronze
cust_4985,US,bronze
cust_4986,CA,silver
cust_4987,FR,bronze
cust_4988,FR,silver
cust_4989,FR,bronze
cust_4990,CA,silver
cust_4991,CA,silver
cust_4992,US,bronze
cust_4993,FR,silver
cust_4994,CA,silver
cust_4995,IN,bronze
cust_4996,DE,bronze
cust_4997,US,silver
cust_4998,US,bronze
cust_4999,FR,silver
